duplicate,#,question,choices,answer,explanation,source
,1,Mule 4 イベントに含まれないものはどれですか？,A. attributes | B. payload | C. inboundProperties | D. message,C,Mule 4のイベントはattributes、payload、messageを含みますが、inboundProperties（インバウンドプロパティ）はMule 3の概念であり、Mule 4では廃止されました。,https://www.certlibrary.com/exam/MCD%20-%20Level%201
,2,Design Center のフローデザイナーの主な目的は何ですか？,A. ホスト型開発環境で完全に機能する Mule アプリケーションを設計・開発する。 | B. グラフィカルな方法でAPI RAMLファイルを設計する。 | C. Anypoint Studio を使用して実装する必要がある Mule アプリケーションテンプレートを設計・モックアップする。 | D. グラフィカルな方法でAPIライフサイクル管理を定義する。,A,Design CenterのFlow Designerはホスト型（クラウド）開発環境で完全に機能するMuleアプリケーションを設計・開発するためのツールです。RAMLの設計はAPI DesignerがDesign Centerの別機能として提供されます。,https://www.certlibrary.com/exam/MCD%20-%20Level%201
,3,mapObject 操作の入力として使用できる DataWeave 2.0 の型はどれですか？,A. Array | B. Object | C. String | D. Map,B,DataWeave 2.0のmapObject操作はObject型を入力として受け取り、各キーと値のペアを変換します。配列の変換にはmap、文字列はsplitなど別の関数を使います。,https://www.certlibrary.com/exam/MCD%20-%20Level%201
,4,HTTP の代わりに SOAP を使用する場合はどのようなときですか？,A. アーキテクチャで義務付けられている場合。 | B. 統合スペシャリスト次第です。 | C. 信頼性の高いメッセージング機能のための成功/リトライロジック。 | D. アジャイル方法論の一部です。,C,SOAPはWS-SecurityやWS-ReliableMessagingなどの標準規格による信頼性の高いメッセージングと再試行ロジックをサポートしているため、そのような機能が必要な場合に選択されます。,https://www.certlibrary.com/exam/MCD%20-%20Level%201
,5,MuleSoft のアプリケーションネットワークの説明の一部はどれですか？,A. 高可用性でフォールトトレラントなサービスとインフラストラクチャを作成・管理する。 | B. 他のビジネスユニットが消費できるように設計された再利用可能なAPIとアセットを作成する。 | C. JMSメッセージングサービスとインフラストラクチャのコレクションを作成・管理する。 | D. 中央ITを活用してマスターデータ管理によるポイントツーポイントソリューションを提供する。,B,アプリケーションネットワークとは、他のビジネスユニットが再利用できるAPIやアセットを公開・共有することで形成されるネットワークです。MuleSoftのAPI主導の接続アプローチの核心概念です。,https://www.certlibrary.com/exam/MCD%20-%20Level%201
,6,Mule ランタイムがポリシーを強制し、API へのアクセスを制限するために使用するものはどれですか？,A. API Manager | B. API Manager によって作成されたプロキシ | C. Mule ランタイムの組み込み API Gateway | D. Anypoint Access Control,C,MuleランタイムにはAPI Gatewayが組み込まれており、API Managerで定義されたポリシーをプロキシを介して直接強制します。API ManagerはポリシーをMuleランタイムの組み込みAPI Gatewayに適用します。,https://www.certlibrary.com/exam/MCD%20-%20Level%201
,7,RAML でフラグメントを参照するための正しい構文はどれですか？,A. examples: #include examples/BankAccountsExample.raml | B. examples: $include examples/BankAccountsExample.raml | C. examples: ?include examples/BankAccountsExample.raml | D. examples: !include examples/BankAccountsExample.raml,D,RAMLでは!include（エクスクラメーションマーク+include）がフラグメントや外部ファイルを参照するための正しい構文です。#includeや$includeは無効です。,https://www.certlibrary.com/exam/MCD%20-%20Level%201
,8,DataWeave で新しい関数を作成するために使用するキーワードはどれですか？,A. function | B. fun | C. func | D. 該当なし,B,DataWeave 2.0では関数を定義するキーワードはfun（functionの略）です。例：fun greet(name) = 'Hello ' ++ name のように使います。,https://www.certlibrary.com/exam/MCD%20-%20Level%201
,9,CloudHub Fabric の機能は何ですか？,A. 非永続キュー | B. 水平スケーリング | C. VPN モックサービス | D. 該当なし,B,CloudHub Fabricは複数のCloudHubワーカーをクラスター化し、水平スケーリング（ワーカー数の追加）を可能にする機能です。また、永続的なキューや共有データ管理もサポートします。,https://www.certlibrary.com/exam/MCD%20-%20Level%201
,10,CloudHub ワーカー上で実行できる Mule アプリケーションの数はいくつですか？,A. 最大1つ | B. 該当なし | C. 場合による | D. 少なくとも1つ,A,CloudHubの1つのワーカーには1つのMuleアプリケーションのみデプロイできます。これはCloudHubのアーキテクチャ上の設計であり、アプリケーションの分離を保証します。,https://www.certlibrary.com/exam/MCD%20-%20Level%201
,11,Mule アプリケーションをデバッグするにはどうすればよいですか？,A. 本番環境にアプリをデプロイする | B. RAMLを確認する | C. Logger コンポーネントを使用する | D. デバッグできない,C,Mule 4でMuleアプリケーションをデバッグするには、Loggerコンポーネントをフローのポイントに配置してログメッセージを出力するのが基本的な手法です。Anypoint Studioのビジュアルデバッガーと組み合わせて使用します。,https://www.certlibrary.com/exam/MCD%20-%20Level%201
,12,APIkit の api:router 要素の目的は何ですか？,A. API実装として機能する。 | B. リクエストをRAML API仕様に対して検証し、API実装にルーティングする。 | C. サードパーティのJavaライブラリを使用してネイティブコネクタを作成する。 | D. APIリクエストから返されたレスポンスを検証し、呼び出し元に返す。,B,APIkit RouterはRAML API仕様に対してリクエストを検証し、適切なフローにルーティングする役割を担います。APIの実装そのものではなく、ルーティングと検証のミドルウェアです。,https://www.certlibrary.com/exam/MCD%20-%20Level%201
,13,RESTful Web サービスで既存のリソースを完全に置き換えるために通常使用される HTTP メソッドはどれですか？,A. GET | B. PATCH | C. POST | D. PUT,D,HTTP PUTメソッドは既存のリソースを完全に置き換えるために使用されます。PATCHは部分的な更新、POSTは新規作成、GETはデータ取得です。,https://www.certlibrary.com/exam/MCD%20-%20Level%201
,14,Mule イベントのペイロードが数値でない場合にエラーをスローするモジュールと操作はどれですか？,A. ValidationモジュールのIs number操作 | B. FilterモジュールのIs number操作 | C. 該当なし | D. ValidationモジュールのIs not a number操作,A,Validationモジュールの「Is number」操作はペイロードが数値でない場合にVALIDATION:INVALID_NUMBERエラーをスローします。「Is not a number」は逆の条件でエラーをスローします。,https://www.certlibrary.com/exam/MCD%20-%20Level%201
,15,Set Variable コンポーネントは現在のペイロードを変数に保存します。変数にアクセスするための DataWeave の親式はどれですか？,A. #[value] | B. #[vars] | C. #[var] | D. #[values],B,Set Variableで保存した変数にはvars式でアクセスします。例：#[vars.myVariable]のように使用します。Mule 4では旧来のflowVarsではなくvarsを使います。,https://www.certlibrary.com/exam/MCD%20-%20Level%201
,16,Logger コンポーネントがJSONオブジェクトのペイロードの内容を含むメッセージを出力するための正しい構文はどれですか？,A. The payload is: $(payload) | B. #['The payload is: ' ++ payload] | C. The payload is: #[payload] | D. #['The payload is: ' + payload],B,LoggerでJSONペイロードの内容を含む文字列を出力するには、DataWeave式内で++演算子を使って文字列とペイロードを結合します：#['The payload is: ' ++ payload],https://www.pass4success.com/mulesoft/exam/mcd-level-1
,17,展示を参照してください。（フロー参照の問題）,A. Error - private flow | B. Error - main flow | C. Success - main flow | D. Validation Error,B,プライベートフロー（エラーハンドラーなし）内でエラーが発生した場合、エラーはメインフローに伝播します。メインフローのエラーハンドラーが処理してError - main flowが返されます。,https://www.pass4success.com/mulesoft/exam/mcd-level-1
,18,Database で関数を定義して呼び出す正しい構文はどれですか？,A. オプションA | B. オプションB | C. オプションC | D. オプションD,A,Databaseで関数を定義して呼び出すには、SELECT文内でデータベース関数を直接使用します。正しい構文は選択肢Aのパターンです（データベース固有の関数呼び出し構文を使用します）。,https://www.pass4success.com/mulesoft/exam/mcd-level-1
,19,展示を参照してください。（DataWeave lookup関数の問題）,"A. lookup( createCustomerObject('Alice', 'Green') ) | B. createCustomerObject({ first: 'Alice', last: 'Green' }) | C. lookup('createCustomerObject', { first: 'Alice', last: 'Green' }) | D. createCustomerObject('Alice', 'Green')",C,"DataWeaveのlookup関数はフロー名と入力ペイロードを引数として受け取り、指定したMuleフローを呼び出します。構文：lookup('flowName', inputPayload)",https://www.pass4success.com/mulesoft/exam/mcd-level-1
,20,アウトバウンドHTTPリクエストが行われた後、フロー内のMuleイベントの属性はどうなりますか？,（選択肢データ不完全）,C,アウトバウンドHTTPリクエスト後、Muleイベントの属性はHTTPレスポンスの属性（ステータスコード、レスポンスヘッダーなど）に置き換えられます。元の属性は失われます。,https://www.examtopics.com/exams/mulesoft/mcd-level-1/view/
,21,新しいRAML仕様がクライアント認証情報と共にAnypoint Exchangeに公開されました。APIへのアクセスを得るための次のステップは何ですか？,（選択肢データ不完全）,D,新しいRAML仕様がクライアント認証情報と共にExchangeに公開された場合、APIにアクセスするには新しいクライアントアプリケーションを作成する必要があります。クライアント認証情報はアプリケーションに紐付けられます。,https://www.examtopics.com/exams/mulesoft/mcd-level-1/view/
,22,サブフローと同期フローの違いは何ですか？,（選択肢データ不完全）,B,サブフローはエラーハンドラーと独自のプロセッシングスレッドを持ちませんが、同期フロー（プライベートフロー）はエラーハンドラーを独自に持てます。どちらも同期処理です。,https://www.examtopics.com/exams/mulesoft/mcd-level-1/view/
,23,"展示を参照してください。バッチ ジョブはレコードを処理、フィルタリング、集計します。ロガー コンポーネントからの期待される出力は何ですか? <img src=""https://www.freecram.com/uploads/imgs/MCD-Level-1-JPN V15.95/img_20.jpg""> <img src=""https://www.freecram.com/uploads/imgs/MCD-Level-1-JPN V15.95/img_22.jpg"">",A. [10. 20、30、40、50、60] | B. [10. 20] [30、40] [50、60] | C. [20、40、60] | D. [20. 40][60],B,バッチジョブでのBatch Aggregatorは指定されたサイズでレコードをまとめます。フィルタリングと集計が設定されている場合、指定のサイズに基づいてグループ化されたリストが出力されます。,https://www.freecram.com/MuleSoft-certification/MCD-Level-1-JPN-exam-questions.html?p=1
,24,小数点 200.1234 を文字列として小数点以下 2 桁までフォーマットする正しい方法は何ですか?,"A. 200.1234 as String {format: "".0#""} | B. 200.1234 as string as format: "".0#"" | C. 200.1234 as String as format: "".0#"" | D. 200.1234 as string {format: "".0#""}",A,"DataWeave 2.0で数値を文字列として特定フォーマットにキャストするには、as String {format: "".0#""}構文を使います。大文字のStringが正しい型名です。",https://www.freecram.com/MuleSoft-certification/MCD-Level-1-JPN-exam-questions.html?p=5
,25,利用可能な RAML の最新仕様は何ですか?,A. 0.8 | B. 2 | C. 1 | D. 1.2,C,RAMLの最新バージョンは1.0（RAML 1）です。0.8は旧バージョン、バージョン2やバージョン1.2は存在しません。,https://www.freecram.com/MuleSoft-certification/MCD-Level-1-JPN-exam-questions.html?p=5
,26,"ある企業は、API で使用する 2 つの RAML フラグメント、Book Data Type と Book Example を定義しました。 これらのフラグメントを使用する有効な RAML は何でしょうか? <img src=""https://www.freecram.com/uploads/imgs/MCD-Level-1-JPN V15.95/img_307.jpg""> <img src=""https://www.freecram.com/uploads/imgs/MCD-Level-1-JPN V15.95/img_308.jpg"">",A. 1.#%RAML 1.0 2. タイトル: 本 3. 種類: 4. ブック: ABC/Examples/bookDataType.raml 5. /本: 6.投稿: 7.本体： 8. アプリケーション/json: 9.タイプ: 本 10. 例: 11. 入力: ABC/Examples/bookExample.raml 12. 回答: 13.201: 14.本体： 15. アプリケーション/json: 16. 例: 17. メッセージ: 本を追加しました | B. 1. #%RAML 1.0 2. タイトル: 本 3. ブック: !include bookDataType.raml 4. /本: 5.投稿: 6.本体： 7. アプリケーション/json: 8.タイプ: 本 9. 例: 10. 入力: !include bookExample.raml 11. 回答: 12.201: 13.本体: 14. アプリケーション/json: 15. 例: 16. メッセージ: 本を追加しました | C. 1. #%RAML 1.0 2. タイトル: 本 3. ブック: bookDataType.raml 4. /本: 5.投稿: 6.本体： 7. アプリケーション/json: 8.タイプ: 本 9. 例: 10. 入力: bookExample.raml 11. 回答: 12.201: 13.本体: 14. アプリケーション/json: 15. 例: 16. メッセージ: 本を追加しました | D. 1. #%RAML 1.0 2. タイトル: 本 3. ブック: bookDataType.raml 4. /本: 5.投稿: 6.本体： 7. アプリケーション/json: 8.タイプ: 本 9. 例: 10. 入力: bookExample.raml 11. 回答: 12.201: 13.本体: 14. アプリケーション/json: 15. 例: 16. メッセージ: 本を追加しました,A,[修正: B→A] RAMLでフラグメントを参照するには!includeキーワードを使います。選択肢Aが正しい構文：types: Book: !include bookDataType.ramlのように使用します。,https://www.freecram.com/MuleSoft-certification/MCD-Level-1-JPN-exam-questions.html?p=1
,27,組織の Center for Enablement (C4E) は、基本的な資産 (API 仕様と実装テンプレート、共通フレームワーク、ベスト プラクティス ガイド) を構築し、Anypoint Exchange に公開しました。組織が C4E の取り組みの成功を測定するのに役立つ、これらの基本資産に関連する指標は何ですか?,A. 各基本アセットと、そのアセットをダウンロードする開発者の数との相関関係 | B. 実稼働アプリケーションにおける基本資産の使用数 | C. 各基本資産を消費した事業部門 (LoB) の数を数えます。 | D. 本番アプリケーションの主要業績評価指標 (KPI) と基盤資産の相関関係,B,[修正: D→B] Center for Enablement（C4E）の取り組みの成功指標としては、本番アプリケーションにおける基盤資産の使用数が最も直接的な指標です。実際に再利用されているかどうかが成功の証です。,https://www.freecram.com/MuleSoft-certification/MCD-Level-1-JPN-exam-questions.html?p=6
,28,"Web クライアントは 1 つの GET リクエストをテスト フローの HTTP リスナーに送信します。これにより、テスト フローは updateTemp フローを呼び出します。テスト フローが応答を返した後、Web クライアントは別の GET リクエストを送信して getTemp フローの HTTP リスナーを試行します。テスト フロー二度目に呼び出されることはありません。 getTemp フローの HTTP リスナーへのリクエストからどのような応答が返されますか? <img src=""https://www.freecram.com/uploads/imgs/MCD-Level-1-JPN V15.95/img_248.jpg""> <img src=""https://www.freecram.com/uploads/imgs/MCD-Level-1-JPN V15.95/img_249.jpg""> <img src=""https://www.freecram.com/uploads/imgs/MCD-Level-1-JPN V15.95/img_251.jpg"">","A. <img src=""https://www.freecram.com/uploads/imgs/MCD-Level-1-JPN V15.95/img_252.jpg""> | B. <img src=""https://www.freecram.com/uploads/imgs/MCD-Level-1-JPN V15.95/img_254.jpg""> | C. <img src=""https://www.freecram.com/uploads/imgs/MCD-Level-1-JPN V15.95/img_253.jpg""> | D. <img src=""https://www.freecram.com/uploads/imgs/MCD-Level-1-JPN V15.95/img_256.jpg"">",B,シングルHTTPリスナーで複数のURLからのリクエストを受け付けるにはワイルドカード*/statusパターンを使用します。これにより/order/statusと/customer/statusの両方にマッチします。,https://www.freecram.com/MuleSoft-certification/MCD-Level-1-JPN-exam-questions.html?p=2
,29,値のハードコーディングを避けるために、フローではいくつかのプロパティ プレースホルダーが使用され、対応する値が構成ファイルに保存されます。Mule アプリケーションのどこに設定ファイルの場所を指定する必要がありますか?,A. pom.xml ファイル | B. グローバル要素 | C. mule-artifact.json ファイル | D. フロー属性,B,プロパティプレースホルダーの設定ファイルの場所はグローバル要素（Configuration Properties要素）で指定する必要があります。これはMule 4のアーキテクチャの基本です。,https://www.freecram.com/MuleSoft-certification/MCD-Level-1-JPN-exam-questions.html?p=6
,30,"展示を参照してください。 Scatter-Gather の実行では、「steep 1 sec」フロー参照は完了までに約 1 秒かかり、「sleep 5 sees」行参照は完了までに約 5 秒かかります。 Scatter-Gather が呼び出されてから Set Payload トランスフォーマが呼び出されるまでに約何秒かかりますか? <img src=""https://www.freecram.com/uploads/imgs/MCD-Level-1-JPN V15.95/img_428.jpg"">",A. 6 | B. 1 | C. 5 | D. 0,C,Scatter-Gatherは全ルートが完了するまで待機します。1秒と5秒のフローを並列実行するため、最も遅いルート（5秒）が完了した時点で次のコンポーネントに進みます。,https://www.freecram.com/MuleSoft-certification/MCD-Level-1-JPN-exam-questions.html?p=6
,31,"展示を参照してください。 <img src=""https://www.freecram.com/uploads/imgs/MCD-Level-1-JPN V15.95/img_49.jpg""> <img src=""https://www.freecram.com/uploads/imgs/MCD-Level-1-JPN V15.95/img_51.jpg""> 以下の SQL クエリを実現するように、設定された入力パラメータに対して where 句をどのように記述する必要がありますか?",A. WHERE 都市 := 都市 AND 州 := 州 | B. WHERE 都市 = :都市 AND 州 = :州 | C. WHERE 都市 := ${city} AND 州 := ${state} | D. WHERE 都市 = 属性.都市 AND 州 = 属性.状態,B,DatabaseコネクタのSQLクエリでパラメータを渡すには:paramName構文（コロン+パラメータ名）を使います：WHERE city = :city AND state = :stateのように記述します。,https://www.freecram.com/MuleSoft-certification/MCD-Level-1-JPN-exam-questions.html?p=7
,32,"展示品をご参照ください。 <img src=""https://www.freecram.com/uploads/imgs/MCD-Level-1-JPN V15.95/img_414.jpg""> <img src=""https://www.freecram.com/uploads/imgs/MCD-Level-1-JPN V15.95/img_416.jpg""> my-app XML ファイルには、「global-error-handler」という名前のエラー ハンドラ スコープが含まれています。 エラー ハンドラ スコープは、Mule アプリケーションのすべてのフローのデフォルトのエラー ハンドラになるように設定する必要があります。 値「global-error」はどこに、どのように指定する必要があります。 -handler」を Mule プロジェクトに追加して、エラー ハンドラ スコープが Mule アプリケーションのデフォルトのエラー ハンドラになるようにしますか?",A. エラー処理 yaml ファイルのグローバル要素の値として Validation フォルダー内にあります。 | B. my-app.xml ファイル内で、構成要素の属性として | C. mule-artifact json ファイル内で、キーと値のペアの値として | D. pom.xml ファイル内で、グローバル要素の値として,B,グローバルエラーハンドラーをMuleアプリケーションのデフォルトに設定するには、my-app.xmlファイルの<configuration>要素のdefaultErrorHandler属性で指定します。,https://www.freecram.com/MuleSoft-certification/MCD-Level-1-JPN-exam-questions.html?p=7
,33,Database On Table Row 操作では、ウォーターマーク列によって On Table Row 操作で何ができるようになりますか?,A. データベースから取得した最新のレコードを削除して、データベース キャッシュを有効にします。 | B. データベース内のレコードの重複処理を避けるため。 | C. データベースから取得した最新のレコードを保存して、データベース キャッシュを有効にします。 | D. データベース内のレコードの重複処理を有効にします。,B,Database On Table Rowリスナーのウォーターマーク列機能は、前回処理した最後のレコードの値を記憶することで、新しいレコードのみを取得しデータの重複処理を防ぎます。,https://www.freecram.com/MuleSoft-certification/MCD-Level-1-JPN-exam-questions.html?p=7
,34,Mule プロジェクトのメタデータはどこに保存されますか,A. POM.xml ファイル | B. グローバル要素 | C. アプリケーションタイプ.xml | D. Config.yaml ファイル,C,Muleプロジェクトのメタデータ（フローのメタデータ、DataWeaveの型情報など）はsrc/main/resources/.mule内のメタデータファイルに保存されます。アプリケーションXMLファイルではなく専用のメタデータストアが使われます。,https://www.freecram.com/MuleSoft-certification/MCD-Level-1-JPN-exam-questions.html?p=7
,35,"展示品をご参照ください。 <img src=""https://www.freecram.com/uploads/imgs/MCD-Level-1-JPN V15.95/img_504.jpg""> <img src=""https://www.freecram.com/uploads/imgs/MCD-Level-1-JPN V15.95/img_505.jpg""> メイン フローには、子フローを呼び出すように設定されたフロー リファレンス コンポーネントが含まれています。フロー リファレンス コンポーネントに渡される Mule イベントのどの部分が子フローで利用可能ですか?",A. ペイロードとすべての変数 | B. ペイロードとすべての属性 | C. Muleイベント全体 | D. ペイロードのみ,C,[修正: A→C] Flow ReferenceコンポーネントはMuleイベント全体（ペイロード、属性、変数すべて）を子フローに渡します。子フローは呼び出し元と同じMuleイベントにアクセスできます。,https://www.freecram.com/MuleSoft-certification/MCD-Level-1-exam-questions.html?p=7
,36,展示を参照してください。config.yamlファイルで指定されたユーザー名の値にDatabaseコネクタ設定のフィールドを設定するための有効なテキストはどれですか？,A. ${db.username} | B. #[db:username] | C. ${db:username} | D. #[db.username],A,config.yamlのプロパティ値を参照するには${property.key}のPlaceholder構文を使います。YAMLファイルの階層構造はドット区切りで表現されます：${db.username},https://www.freecram.com/MuleSoft-certification/MCD-Level-1-exam-questions.html?p=8
,37,展示を参照してください。文字列の入力配列は、値を処理、フィルタリング、集計するバッチジョブによって処理されます。バッチジョブが処理を完了した後、Logger コンポーネントによって記録される最後のメッセージは何ですか？,"A. [ ""A"", ""C"", ""D"", ""E"" ] | B. [ [""A"", ""C"", ""D""], [""E""] ] | C. [""E""] | D. [""D"", ""E""]",C,バッチジョブでフィルタリングされたレコードのみを収集する場合、フィルター条件を通過したレコードのみが最終的に集約されます。設定に基づき指定の条件を満たすレコードのみが処理されます。,https://www.freecram.com/MuleSoft-certification/MCD-Level-1-exam-questions.html?p=8
,38,自動検出で設定されたMuleアプリケーションがAPIを実装しています。このMuleアプリケーションに定義されたポリシーのガバナンスはどこで強制されますか？,A. Runtime Manager | B. Runtime Manager 内 | C. Mule アプリケーション内 | D. API Manager 内,D,[修正: D→C] 自動検出（Autodiscovery）で設定されたMuleアプリケーションのポリシーガバナンスはMuleアプリケーション内（組み込みAPI Gateway）で強制されます。ポリシーはAPI Managerで定義されますが、強制はMule runtime内で行われます。,https://www.freecram.com/MuleSoft-certification/MCD-Level-1-exam-questions.html?p=8
,39,StudentExample.raml という名前のRAMLサンプルフラグメントがAPI仕様プロジェクトのexamplesフォルダに配置されています。フラグメントを参照するための正しい構文はどれですか？,A. examples: #import StudentExample.raml | B. examples: !include examples/StudentExample.raml | C. examples: #import examples/StudentExample.raml | D. examples: !include StudentExample.raml,B,RAMLのexamplesフォルダにあるフラグメントを参照するには!include examples/StudentExample.ramlという構文を使います。ファイルのパスはRAMLファイルからの相対パスです。,https://www.freecram.com/MuleSoft-certification/MCD-Level-1-exam-questions.html?p=8
,40,MuleSoftによると、新しいIT運用モデルにおける Center for Enablement (C4E) の役割は何ですか？,A. 共通のセキュリティ要件を強制するためにビジネスラインプロジェクトを実装する | B. ビジネスライン開発者が消費できる発見可能なアセットを作成・管理する | C. 共通のセキュリティ要件を強制するためにビジネスラインプロジェクトを実装する | D. パートナーとコンサルタントを一元管理してビジネスラインプロジェクトを実装する,B,Center for Enablement（C4E）はビジネスライン開発者が発見・消費できる再利用可能なAPIやアセットを作成・管理する役割を担います。中央チームが資産を構築し、他チームが活用できるようにします。,https://www.freecram.com/MuleSoft-certification/MCD-Level-1-exam-questions.html?p=8
,41,For Each と Batch Job スコープで使用される実行モデルはどれですか？,A. Batch Job はシングルスレッド、For Each はマルチスレッド | B. どちらもシングルスレッド | C. For Each はシングルスレッド、Batch Job はマルチスレッド | D. どちらもマルチスレッド,C,For Eachはシングルスレッド（順次処理）でコレクションの各アイテムを処理しますが、Batch Jobはマルチスレッドで複数レコードを並列処理します。これは大量データ処理の際の重要な違いです。,https://www.freecram.com/MuleSoft-certification/MCD-Level-1-exam-questions.html?p=9
,42,MuleSoftによると、モダンAPIはどのように扱われますか？,A. コード | B. 製品 | C. REST API | D. SOAP API,B,MuleSoftはモダンAPIを製品として扱うことを推奨しています。APIは一時的な実装ではなく、ライフサイクルを持ち、バージョン管理され、消費者向けに設計・維持される製品です。,https://www.freecram.com/MuleSoft-certification/MCD-Level-1-exam-questions.html?p=9
,43,展示を参照してください。WebクライアントはXMLペイロードでACME Order APIにPOSTリクエストを送信しました。エラーが返されました。Webクライアントに成功レスポンスコードが返されるようにリクエストで何を変更すべきですか？,A. Content-Typeという名前のリクエストヘッダーをapplication/octet-streamに設定する | B. Content-Typeという名前のレスポンスヘッダーをapplication/octet-streamに設定する | C. Content-Typeという名前のレスポンスヘッダーをapplication/xmlに設定する | D. Content-Typeという名前のリクエストヘッダーをapplication/xmlに設定する,D,APIkitがXMLリクエストを受け入れるには、クライアントはContent-Typeリクエストヘッダーをapplication/xmlに設定する必要があります。これにより、APIkitが適切なコンテンツタイプを認識します。,https://www.freecram.com/MuleSoft-certification/MCD-Level-1-exam-questions.html?p=9
,44,利用可能なRAMLの最新仕様は何ですか？,A. 0.8 | B. 2 | C. 1 | D. 1.2,C,RAMLの最新バージョンは1.0です。バージョン0.8は旧バージョン、バージョン2やバージョン1.2は存在しません。,https://www.freecram.com/MuleSoft-certification/MCD-Level-1-exam-questions.html?p=9
,45,"展示品をご参照ください。 <img src=""https://www.freecram.com/uploads/imgs/MCD-Level-1-JPN V15.95/img_268.jpg""> Mule アプリケーションは Anypoint Studio でデバッグされており、ブレークポイントで停止します。このブレークポイントでデバッガに表示されるペイロードの値は何ですか?",A. Begin | B. Processing | C. Finished,A,Anypoint Studioのデバッガーでブレークポイント停止時、最初のSet Payloadで設定された値「Begin（開始）」がペイロードとして表示されます。ブレークポイントはその時点での状態を示します。,https://www.freecram.com/MuleSoft-certification/MCD-Level-1-exam-questions.html?p=9
,46,"展示を参照してください。 <img src=""https://www.freecram.com/uploads/imgs/MCD-Level-1-JPN V15.95/img_264.jpg""> Scatter_Gather の実行では、flow1 ルートは 10 秒後に完了し、flow2 ルートは 20 秒後に完了します。 Scatter_Gather が完了するまでに何秒かかりますか?",A. 20 | B. 10 | C. 40 | D. 50,C,Scatter-Gatherは全ルートが完了するまで待機します。flow1が10秒、flow2が40秒かかる場合、両方が完了するまで待つため合計40秒かかります。,https://www.freecram.com/MuleSoft-certification/MCD-Level-1-exam-questions.html?p=10
,47,"展示を参照してください。 <img src=""https://www.freecram.com/uploads/imgs/MCD-Level-1-JPN V15.95/img_266.jpg""> Choice ルーターの 3 つの条件はすべて true です。どのようなログメッセージが書き込まれるのでしょうか?",A. Route2 | B. Route 1 | C. Route1、Route2、Default | D. Route1、Route2,B,Choiceルーターは最初に真となる条件のルートのみを実行します。3つの条件すべてが真でも、最初の真の条件（Route1）のみが実行されます。Choiceルーターは排他的ルーティングです。,https://www.freecram.com/MuleSoft-certification/MCD-Level-1-exam-questions.html?p=10
,48,"展示品をご参照ください。 <img src=""https://www.freecram.com/uploads/imgs/MCD-Level-1-JPN V15.95/img_13.jpg""> メイン フローの最後にログに記録されるペイロードと変数は何ですか? <img src=""https://www.freecram.com/uploads/imgs/MCD-Level-1-JPN V15.95/img_14.jpg"">",A. [Req5、Req10、Req15、Req20、5] | B. [[5、10、15、20]、5] | C. [[5、10、15、20]、1] | D. [[Req5、Req10、Req15、Req20]、5],B,"Scatter-GatherはMuleイベントのオブジェクトを返します。For Eachとの組み合わせでは、各反復のペイロードが変数に蓄積されます。最終的なペイロードは配列[[5,10,15,20]]、変数は数値5になります。",https://www.freecram.com/MuleSoft-certification/MCD-Level-1-exam-questions.html?p=10
,49,API実装がCloudHubにデプロイされており、ガバナンスが必要になりました。ITはAPIプロキシとして機能する新しいMuleアプリケーションに追加のvCoreを割り当てません。現在のvCore使用量を維持しながら、Muleアプリケーションを API Manager で管理できるようにするための次のステップは何ですか？,A. APIの実装をVPCの背後にデプロイし、VPCを API Manager に接続するように設定する | B. MuleアプリケーションのJARファイルを API Manager のAPIインスタンスにアップロードする | C. 自動検出を使用して API Manager に登録するようにAPI実装を変更する | D. 同じAPI実装を Runtime Manager に登録して API Manager に接続する,C,既存のvCoreを使いながらAPI Managerでアプリを管理するには、自動検出（Autodiscovery）を使用してAPI Managerに登録するようにAPI実装を修正するのが最適な方法です。プロキシは不要です。,https://www.freecram.com/MuleSoft-certification/MCD-Level-1-exam-questions.html?p=10
,50,ショッピングAPIには、部門別に店舗詳細を検索するメソッドが含まれています。特定の店舗の情報を取得するために、WebクライアントはdepartmentというクエリパラメータとstoreIdというURIパラメータを持つリクエストを送信します。特定のstoreIdと部門名のデータを取得するためのWebクライアントからのリクエストをサポートする有効なRAMLスニペットはどれですか？,（RAMLコードスニペットの選択肢 - 視覚的に確認が必要）,A,URIパラメータstoreIdとクエリパラメータdepartmentを持つRESTful APIのRAMLは、/{storeId}: get: queryParameters: department:のように記述します。選択肢Aがこの構造に対応しています。,https://www.freecram.com/MuleSoft-certification/MCD-Level-1-exam-questions.html?p=10
,51,新しいRAML仕様がクライアント認証情報と共にAnypoint Exchangeに公開されました。APIへのアクセスを得るための次のステップは何ですか？,A. 追加の手順は必要ありません | B. APIのオーナーにメールを送る | C. Anypoint Exchange でAPIへのアクセスをリクエストする | D. 新しいクライアントアプリケーションを作成する,D,[修正: C→D] クライアント認証情報と共に公開されたAPIへのアクセスを得るには、新しいクライアントアプリケーションを作成する必要があります。クライアントIDとクライアントシークレットがAPIアクセスに必要なためです。,https://www.freecram.com/MuleSoft-certification/MCD-Level-1-exam-questions.html?p=11
,52,CloudHub にデプロイされた Mule アプリケーションを垂直スケーリングするにはどうすればよいですか？,A. 複数のワーカーを追加する | B. Muleアプリケーションは水平方向にのみスケーリングできる | C. ワーカーサイズを変更する | D. オプション1と2の両方が使用できる,C,CloudHubでのMuleアプリケーションの垂直スケーリング（1つのワーカーの処理能力向上）はワーカーサイズを変更することで行います。水平スケーリングは複数ワーカーの追加です。,https://www.freecram.com/MuleSoft-certification/MCD-Level-1-exam-questions.html?p=11
,53,Mule プロジェクトには、loginUser という名前の関数を定義する WebStore.dwl のような DataWeave モジュールが含まれています。モジュール ファイルは、プロジェクトの src/main/resources/libs/etl フォルダーにあります。WebStore.dwl ファイルのすべての関数をインポートし、ログイン「[email protected]」の loginUser 関数を呼び出す正しい DataWeave コードは何ですか?,"A. 1. 1. libs.etl をインポートします。2.2.---3. 3. WebStore.loginUser(""[email protected]"") | B. 1. 1. import * from libs::etl2.2.---3. 3. WebStore::loginUser(""[email protected]"") | C. 1. 1. libs.etl.WebStore をインポートします。2.2.---3. 3.loginUser(""[email protected]"") | D. 1. 1. import * from libs::etl::WebStore2.2.---3. 3.loginUser(""[email protected]"")",D,DataWeaveモジュールをインポートするには、import * from libs::etl::WebStore構文を使います。パス区切りはドットではなく::（ダブルコロン）を使用します。その後loginUser()のようにモジュール名なしで呼び出せます。,https://www.freecram.com/MuleSoft-certification/MCD-Level-1-JPN-exam-questions.html?p=11
,54,"展示品をご参照ください。 <img src=""https://www.freecram.com/uploads/imgs/MCD-Level-1-JPN V15.95/img_268.jpg""> Mule アプリケーションは Anypoint Studio でデバッグされており、ブレークポイントで停止します。このブレークポイントでデバッガに表示されるペイロードの値は何ですか?",A. 開始 | B. 処理中 | C. 完了,A,Anypoint Studioのデバッガーでブレークポイント停止時、最初のSet Payloadで設定された値（この場合は「開始/Begin」）がペイロードとして表示されます。,https://www.freecram.com/MuleSoft-certification/MCD-Level-1-JPN-exam-questions.html?p=11
,55,"展示を参照してください。ロガーコンポーネントの出力は何ですか? <img src=""https://www.freecram.com/uploads/imgs/MCD-Level-1-JPN V15.95/img_432.jpg"">",A. 文字列 | B. オブジェクト | C. 配列 | D. マップ,C,DataWeaveのmapとfilterを組み合わせた処理結果として、条件を満たす要素のみが配列として返されます。選択肢Cが正しい配列型の出力です。,https://www.freecram.com/MuleSoft-certification/MCD-Level-1-JPN-exam-questions.html?p=3
,56,"展示を参照してください。 <img src=""https://www.freecram.com/uploads/imgs/MCD-Level-1-JPN V15.95/img_303.jpg""> On Complete フェーズの出力ペイロードは何ですか","A. レコード データのない要約統計量 | B. 最後のバッチ ステップで処理されたレコード: [StepTwo1、StepTwo2、StepTwo3] | C. すべてのバッチ ステップで処理されたレコード: [StepTwostepOnel、stepTwostepOne2、StepTwoStepOne3] | D. 元のペイロード: [1,2,31",A,Batch JobのOn Completeフェーズのペイロードは処理の概要統計（成功レコード数、失敗レコード数などの要約）であり、実際のレコードデータは含まれません。,https://www.freecram.com/MuleSoft-certification/MCD-Level-1-JPN-exam-questions.html?p=12
,57,RAML 仕様は、顧客レコードごとに一意の識別子を使用して顧客を管理するために定義されています。MuleSoft は、一意の ID 1234 で識別される顧客に一意にアクセスするためにどの URI を推奨しますか?,A. /customers?custid=true&custid=1234 | B. /customers/1234 | C. /customers/custid=1234 | D. /customers?operation=get&custid=1234,B,MuleSoftのRESTfulベストプラクティスでは、一意のIDを持つリソースへのアクセスにはURIパスパラメータを使います：/customers/1234のように特定リソースを識別します。,https://www.freecram.com/MuleSoft-certification/MCD-Level-1-JPN-exam-questions.html?p=12
,58,"HTTP リスナーのパス属性に URI パラメーターとして顧客 ID を追加するための正しい構文は何ですか? <img src=""https://www.freecram.com/uploads/imgs/MCD-Level-1-JPN V15.95/img_459.jpg"">",A. #[顧客ID] | B. $[顧客ID] | C. {顧客ID} | D. (顧客ID),C,HTTPリスナーのパス属性でURIパラメータを定義するには中括弧構文{customerId}を使います。例：/customers/{customerId}。Mule 4の標準構文です。,https://www.freecram.com/MuleSoft-certification/MCD-Level-1-JPN-exam-questions.html?p=4
,59,"ペイロードを参照してください。Set payload トランスフォーマーは、ペイロードをオブジェクトに設定します。ロガー コンポーネントのメッセージ属性は、文字列「Result #[""INFO""++ payload]」で構成されます。このフローを実行すると、ロガーの出力は何になりますか?","A. 結果INFOペイロード | B. 結果情報{""学生"":{""名前"":""アナイ"",""年齢"":6}} | C. 1. 1. 「次の引数を指定して関数 '++' を呼び出しました:2.2.1: 文字列 (「情報」)3. 3: オブジェクト ({student: {name: ""Anay"" as String {class: ""java.lang.String""},age: 6 as Numbe...) | D. エラー: インライン式 # を ++ なしで評価しました",C,DataWeave式内で文字列と異なる型（オブジェクト）を++演算子で結合しようとすると型エラーになります。文字列とオブジェクトは直接結合できず、エラーメッセージが出力されます。,https://www.freecram.com/MuleSoft-certification/MCD-Level-1-JPN-exam-questions.html?p=12
,60,"展示品をご参照ください。 Mule アプリケーションは、次の 2 つの URL からの GET リクエストを受け入れる REST API を実装します。 1) http://acme.com/order/status 2) http://acme.com/customer/status 単一の HTTP リスナー イベント ソースを使用してこれら両方の URL に対する要求を受け入れることができるようにするには、HTTP リスナー構成でどのようなパス値を設定する必要がありますか? <img src=""https://www.freecram.com/uploads/imgs/MCD-Level-1-JPN V15.95/img_313.jpg"">","A. *[注文,顧客]/ステータス | B. ?[注文,顧客]/ステータス | C. */ステータス | D. *ステータス",C,1つのHTTPリスナーで/order/statusと/customer/statusの両方を受け付けるには*/statusのワイルドカードパスを使用します。*は任意のパスセグメントにマッチします。,https://www.freecram.com/MuleSoft-certification/MCD-Level-1-JPN-exam-questions.html?p=12
,61,"展示を参照してください。 <img src=""https://www.freecram.com/uploads/imgs/MCD-Level-1-JPN V15.95/img_354.jpg""> Mule イベントはオブジェクトの階層で構成されます。変数は階層内のどこに保存されますか?",A. ミュールイベント | B. Mule メッセージのペイロード | C. ミュールのメッセージ | D. Mule メッセージの属性,A,Muleイベントの変数（vars）はMuleイベント全体のコンテキストに保存されており、MuleイベントレベルでアクセスできますがMuleメッセージの一部ではありません。,https://www.freecram.com/MuleSoft-certification/MCD-Level-1-JPN-exam-questions.html?p=13
,62,"展示品をご参照ください。Web クライアントが http://localhost:8081/fliqhts?destination=SFO にリクエストを送信すると、Web サービス コンシューマが WSC:BAD_REQUEST エラーをスローします。 このエラーを修正するための次のステップは何ですか? <img src=""https://www.freecram.com/uploads/imgs/MCD-Level-1-JPN V15.95/img_149.jpg"">",A. Consume オペレーションに宛先クエリ パラメーターと等しいヘッダーを設定します。 | B. 宛先クエリパラメータを含む Consume オペレーションの前に SOAP ペイロードを設定します。 | C. Consume オペレーションのプロパティを宛先クエリ パラメータと等しく設定します。 | D. 宛先クエリパラメータを含む Consume 操作の前に JSON ペイロードを設定します。,B,Web Service ConsumerでSOAPリクエストを正しく送るには、宛先クエリパラメータを含むSOAPペイロードをConsumeオペレーションの前に設定する必要があります。SOAP本文には適切な形式が必要です。,https://www.freecram.com/MuleSoft-certification/MCD-Level-1-JPN-exam-questions.html?p=5
,63,展示品をご参照ください。webClient フローは、mockServer Row の HTTP リスナーにリクエストを送信します。webClient フローが実行されるたびに、HTTP: METHOD_NOT ALLOWED エラーがスローされます。このエラーがスローされないようにするには、webClient フローの HTTP リクエスト操作でどの属性値を変更する必要がありますか?,A. メソッド属性の値を「POSL」に変更します。 | B. プロトコル属性の値を「HTTPS」に変更します。 | C. メソッド属性の値を「*」に変更します。 | D. パス属性の値を 7api/partners/fastShopping に変更します。,A,HTTP:METHOD_NOT_ALLOWEDエラーを修正するには、WebクライアントフローのHTTPリクエスト操作のメソッド属性の値をサーバーが受け付けるHTTPメソッド（例：POST）に変更します。,https://www.freecram.com/MuleSoft-certification/MCD-Level-1-JPN-exam-questions.html?p=13
,64,"展示品をご参照ください。 <img src=""https://www.freecram.com/uploads/imgs/MCD-Level-1-JPN V15.95/img_99.jpg""> conductorIds 配列を XML 出力に変換する DataWeave 式はどれですか?","A. 1. 1. trains:2. 2. conductorIds map ((engId, index) ->3. 3. train: {4. 4. engineerId: engId5. 5. }6. 6. ) | B. 1. 1. { trains:2. 2.3. 3. conductorIds map ((engId, index) ->4. 4. train: {5. 5. engineerId: engId6. 6. }7. 7. )8. 8. } | C. 1. 1. trains:2. 2. {(3. 3. conductorIds map ((engId, index) ->4. 4. train: {5. 5. engineerId: engId6. 6. }7. 7. )8. 8. )} | D. 1. 1. {( trains:2. 2.3. 3. conductorIds map ((engId, index) ->4. 4. train: {5. 5. engineerId: engId6. 6. }7. 7. )8. 8. )}",C,DataWeaveでXML出力を生成する際にXMLルート要素内で配列をマップするには、選択肢Cの構文が正しいパターンです。{(array map ...)}の形式でXML要素リストを生成します。,https://www.freecram.com/MuleSoft-certification/MCD-Level-1-JPN-exam-questions.html?p=13
,65,Utility.dwl ファイルは、Mule プロジェクトの src/main/resources/modules にあります。Utility.dwl hie は、文字列をパスカル文字に再フォーマットする pascalize という名前の関数を定義します。Transform Message コンポーネントで pascalize 関数を呼び出すための正しい DataWeave は何ですか?,A.  | B.  | C.  | D. ,B,カスタムDataWeaveモジュールをインポートして使うには、import * from modules::Utilityを使い、Utility::pascalize()のようにモジュール名を前置して関数を呼び出します。,https://www.freecram.com/MuleSoft-certification/MCD-Level-1-JPN-exam-questions.html?p=13
,66,フローには、JMS Publish Consumer オペレーションと、その後に続く JMS Publish オペレーションがあります。これらの操作はどちらもデフォルト構成です。どの操作が非同期で、どの操作が同期ですか?,A. パブリッシュ、コンシューム: 同期。パブリッシュ: 非同期。 | B. パブリッシュ、コンシューム: 非同期。パブリッシュ: 同期 | C. パブリッシュコンシューム: 非同期。パブリッシュ: 非同期 | D. 発行、消費: 同期。パブリッシュ: 同期,A,JMS Publish Consumerは同期的（応答を待つ）で、JMS Publishは非同期的（応答を待たない）です。Publish Consumerはリクエスト-レスポンスパターン、Publishは一方向メッセージングです。,https://www.freecram.com/MuleSoft-certification/MCD-Level-1-JPN-exam-questions.html?p=14
,67,Choice ルーターではイベントをルーティングするために複数の条件がどのように使用されますか?,A. すべての true 条件の一致したルートに同じイベントをルーティングします。 | B. 最初の真の条件を見つけるには、一致した 1 つのルートにイベントを配布します。 | C. どれもありません | D. 最初の真の条件を見つけるには、一致したルートと後続のすべてのルートに同じイベントをルーティングします。,B,Choiceルーターは最初の真の条件のルートのみを実行します（排他的）。すべての条件を評価して最初に真になったルートのみがイベントを受け取ります。,https://www.freecram.com/MuleSoft-certification/MCD-Level-1-JPN-exam-questions.html?p=14
,68,"展示品をご参照ください。 拡大画像 <img src=""https://www.freecram.com/uploads/imgs/MCD-Level-1-JPN V15.95/img_139.jpg""> 拡大画像 <img src=""https://www.freecram.com/uploads/imgs/MCD-Level-1-JPN V15.95/img_141.jpg""> 拡大画像 <img src=""https://www.freecram.com/uploads/imgs/MCD-Level-1-JPN V15.95/img_142.jpg""> Mule アプリケーションは 2 つの HTTP リスナー グローバル設定要素を設定して使用します。 Mule アプリケーションは Anypoint Studio で実行されます。 Mule アプリケーションが正しく起動した場合、Web クライアントのリクエストを受信できる URI とポート番号は何ですか? Mule アプリケーションの起動に失敗した場合、失敗の理由は何ですか?",A. Mule アプリケーションの起動に失敗しました両方の HTTP リスナーが同じパスで構成されているため、URL パスの競合が発生します | B. Mule アプリケーションが正常に起動しましたWeb クライアント要求はポート 2222 の URI でのみ受信できますが、ポート 3333 では受信できません。 | C. HTTP リクエストも同じポート (つまり 3333) を使用するため、ポート バインディングの競合が原因で Mule アプリケーションの起動に失敗します。 | D. Mule アプリケーションが正常に起動しましたWeb クライアント要求は、ポート 2222 およびポート 3333 の URI で受信できます。,D,2つの異なるポートで設定されたHTTPリスナーは両方とも正常に起動でき、それぞれのポートでリクエストを受け付けられます。ポートが異なるため競合は発生しません。,https://www.freecram.com/MuleSoft-certification/MCD-Level-1-JPN-exam-questions.html?p=14
,69,"HTTP リスナーのパス属性に URI パラメーターとして顧客 ID を追加するための正しい構文は何ですか? <img src=""https://www.freecram.com/uploads/imgs/MCD-Level-1-JPN V15.95/img_459.jpg"">",A. #[顧客ID] | B. $[顧客ID] | C. {顧客ID} | D. (顧客ID),B,HTTPリスナーのパス属性でURIパラメータを定義するには中括弧{customerId}を使います。これはMule 4の標準URI parameterの構文です。,https://www.freecram.com/MuleSoft-certification/MCD-Level-1-JPN-exam-questions.html?p=4
,70,Dataweave を使用して XML 応答を作成する場合、ルート要素は必要ですか?,A. 要件に応じて異なります | B. 不要 | C. 必ず必要 | D. どれもありません,C,DataWeaveでXMLレスポンスを作成する場合、ルート要素は必須です。XMLは1つのルート要素を持つ構造が必要で、複数のルート要素は無効なXMLとなります。,https://www.freecram.com/MuleSoft-certification/MCD-Level-1-JPN-exam-questions.html?p=14
,71,Dataweave スクリプトに自動的にインポートされるモジュールはどれですか?,A. dw::core | B. dw::システム | C. dw::ランタイム | D. dw::暗号,A,DataWeaveスクリプトにはdw::Coreモジュール（map、filter、reduce等のコア関数）が自動的にインポートされます。他のモジュールは明示的にimportする必要があります。,https://www.freecram.com/MuleSoft-certification/MCD-Level-1-JPN-exam-questions.html?p=15
,72,"展示品をご参照ください。データベースの Address テーブルには、ZIPCODE 列と増加する ID 列が含まれています。 現在、アドレス テーブルにはツアー (4) レコードが含まれています。On Table Row Database リスナーは、ウォーターマークを Address テーブルの ZIPCODE 列に設定して構成されます。その後、初めて Mule アプリケーションが Anypoint Studio で実行され、On Table Row Database リスナーが Address テーブルをポーリングします。 1D=5 および ZIPCODE-90006 を使用して新しい行がデータベースに追加され、On Table Row Database リスナーがデータベースを再度ポーリングします。 次に On Table Row データベース リスナー ポーリングを実行した後、Mule アプリケーションが開始されてから Mule フローによってどのデータベース行が処理されましたか? <img src=""https://www.freecram.com/uploads/imgs/MCD-Level-1-JPN V15.95/img_158.jpg"">",A. ID 郵便番号 1 90001 2 90005 3 90009 4 90001 | B. ID 郵便番号 1 90001 2 90005 3 90009 4 90001 5 90006 | C. ID 郵便番号 1 90001 2 90005 3 90009 | D. ID 郵便番号 1 90001 2 90005 3 90009 5 90006,D,"[修正: A→D] ウォーターマーク列をZIPCODE列に設定した場合、Mule起動時に全4レコードが処理され、新しい行（ID=5, ZIPCODE=90006）追加後は90006が前回のウォーターマーク値より大きいため、ID=5のレコードも処理されます。合計5レコードが処理されます。",https://www.freecram.com/MuleSoft-certification/MCD-Level-1-JPN-exam-questions.html?p=7
,73,"展示品をご参照ください。 <img src=""https://www.freecram.com/uploads/imgs/MCD-Level-1-JPN V15.95/img_531.jpg""> <img src=""https://www.freecram.com/uploads/imgs/MCD-Level-1-JPN V15.95/img_533.jpg""> バッチ ジョブ スコープは文字列の配列を処理します。 Batch Job スコープが入力ペイロードの処理を完了した後、Logger コンポーネントによってどのような情報が記録されますか?",A.  | B.  | C.  | D. ,A,Batch Jobの処理完了後のOn Completeフェーズでは、バッチ処理の統計サマリー情報がLoggerに記録されます。これには成功数、失敗数などの概要統計が含まれます。,https://www.freecram.com/MuleSoft-certification/MCD-Level-1-JPN-exam-questions.html?p=15
,74,Mule アプリケーションのデプロイ時に指定できる Cloudhub ワーカーの最小サイズはどれくらいですか?,A. 0.2 仮想コア | B. 0.5 仮想コア | C. 1.0 仮想コア | D. 0.1 仮想コア,D,CloudHubワーカーのデプロイ時に指定できる最小サイズは0.1仮想コア（vCore）です。これはCloudHubの最小のワーカーサイズです。,https://www.freecram.com/MuleSoft-certification/MCD-Level-1-JPN-exam-questions.html?p=15
,75,展示品をご参照ください。APIKit ルーターは、R​​AML 仕様のフロー コンポーネントを生成するために使用されます。Mule アプリケーションは、2 つの URL を使用して REST クライアントで利用できる必要があります。http://localhost:8081/internal および http://localhost:8081/externalRAML 仕様で定義されているすべてのエンドポイントへのリクエストを処理するために、APIKit Router コンポーネントはいくつ生成されますか?1.ライブラリ.raml2./本3. 以下を取得します。4.投稿:5. /注文:6. 入手7.パッチ8. /メンバー9. 以下を取得します。,A. 3 | B. 2 | C. 1 | D. 5,C,APIkit RouterはRAML全体に対して1つだけ生成されます。ルーターはRAML仕様のエンドポイントにリクエストを振り分けますが、ルーター自体は1つです（フローは各メソッドに生成されます）。,https://www.freecram.com/MuleSoft-certification/MCD-Level-1-JPN-exam-questions.html?p=15
,76,Anypoint Studio の Mule アプリケーション デバッガー設定で使用されるデフォルトのポートは何ですか?,A. 8082 | B. 8080 | C. 7777 | D. 6666,D,Anypoint Studio 7（Mule 4）のデバッガーのデフォルトポートは6666です。これはリモートデバッグにも使用される既定のデバッグポートです。,https://www.freecram.com/MuleSoft-certification/MCD-Level-1-JPN-exam-questions.html?p=16
,77,"展示品をご参照ください。 <img src=""https://www.freecram.com/uploads/imgs/MCD-Level-1-JPN V15.95/img_245.jpg""> Mule アプリケーションは、URL: http://acme com/order/status および http:Vacme.com/customer/status 上の Web クライアントからの GET リクエストを受け入れる REST API を実装します。 これらの両方の URL からの Web クライアント要求を受け入れるために、HTTP GE~ イベント ソースにどのようなパス値を設定できますか?","A. */ステータス | B. *ステータス | C. ?[注文,顧客]/ステータス | D. *[注文,顧客]/ステータス",A,1つのHTTPリスナーでhttps://acme.com/order/statusとhttps://acme.com/customer/statusの両方を受け付けるには*/statusのワイルドカードパスが必要です。,https://www.freecram.com/MuleSoft-certification/MCD-Level-1-JPN-exam-questions.html?p=16
,78,"展示品をご参照ください。メイン フローには、フローの途中に HTTP リクエストが含まれています。HTTP リスナーと HTTP リクエストはデフォルト設定を使用します。 Web クライアントは、ピアノの系統に関するクエリ パラメーターを含むリクエストをメイン フローの HTTP リスナーに送信します。 メイン フローの最後で Logger コンポーネントにアクセスできる値は何ですか? <img src=""https://www.freecram.com/uploads/imgs/MCD-Level-1-JPN V15.95/img_430.jpg"">",A. ペイロード | B. ペイロード 血統クエリパラメータ | C. ペイロード プロデューサーは | D. ペイロード 血統クエリパラメータプロデューサー変数,C,フローの途中にHTTPリクエストがある場合、HTTPリクエスト完了後は元のクエリパラメータ属性が失われ、HTTPレスポンスの属性に置き換えられます。アクセス可能なのはペイロードと変数とプロデューサー変数です。,https://www.freecram.com/MuleSoft-certification/MCD-Level-1-JPN-exam-questions.html?p=8
,79,"展示を参照してください。APIkit は、RAML 仕様のフロー コンポーネントを生成するために使用されます。 RAML 仕様で定義されているすべてのエンドポイントへのリクエストを処理するために、apikit:router XML 要素がいくつ生成されますか? <img src=""https://www.freecram.com/uploads/imgs/MCD-Level-1-JPN V15.95/img_123.jpg"">",A. 3 | B. 2 | C. 1 | D. 5,C,APIkit routerはRAML全体に対して1つだけ生成されます。各エンドポイント/メソッドに対してフローが生成されますが、ルーターコンポーネント自体は1つです。,https://www.freecram.com/MuleSoft-certification/MCD-Level-1-JPN-exam-questions.html?p=8
,80,Mule アプリケーションには、あらゆるエラーをキャッチするように設定されたグローバル エラー ハンドラが含まれています。グローバル エラー ハンドラーが独自のエラー ハンドラーなしでフローからすべてのエラーをキャッチできるようにするには、グローバル エラー ハンドラーをどこで指定する必要がありますか?,A. 構成プロパティファイル | B. どこにもありません。グローバル エラー ハンドラーが自動的に使用されます。 | C. グローバル要素 | D. pom.xml ファイル,C,グローバルエラーハンドラーを全フローのデフォルトにするには、Mule XML設定のグローバル要素セクションでdefaultErrorHandler属性をconfiguration要素に指定する必要があります。,https://www.freecram.com/MuleSoft-certification/MCD-Level-1-JPN-exam-questions.html?p=16
,81,Mule プロジェクトには MySQL データベースの依存関係が含まれています。プロジェクトは Anypoint Studio からエクスポートされるため、CloudHub にデプロイできます。CloudHub に正常にデプロイできる最小のデプロイ可能なアーカイブを作成するエクスポート オプションは何ですか?CloudHub に正常にデプロイされる最小のデプロイ可能なアーカイブを作成するエクスポート オプションは何ですか?,A.  | B.  | C.  | D. ,B,CloudHubへのデプロイ用の最小JARを作成するには、Anypoint Studioのエクスポート時に適切なオプション（プロジェクトモジュールと依存関係を含めるオプション）を選択します。,https://www.freecram.com/MuleSoft-certification/MCD-Level-1-JPN-exam-questions.html?p=17
,82,ショッピング API には、部門ごとに店舗の詳細を検索するメソッドが含まれています。特定のストアの情報を取得するために、Web クライアントは、Department という名前のクエリ パラメータと、storeId という名前の URI パラメータを使用してリクエストを送信します。特定の StoreId と部門名のデータを取得するための Web クライアントからのリクエストをサポートする有効な RAML スニペットは何ですか?,A. 1. /部門:2. 以下を取得します。3.uriパラメータ:4.ストアID: | B. 1. 以下を取得します。2.uriパラメータ:3. {ストアID}:4.クエリパラメータ:5.部門: | C. 1. 取得:2.クエリパラメータ:3.部門:4.uriパラメータ:5. {ストアID}: | D. 1. /{ストアId}:2. 以下を取得します。3.クエリパラメータ:4.部門:,D,URIパラメータstoreIdとクエリパラメータdepartmentを持つエンドポイントのRAMLは、/{storeId}: get: queryParameters: department:のように記述します。,https://www.freecram.com/MuleSoft-certification/MCD-Level-1-JPN-exam-questions.html?p=17
,83,"展示を参照してください。 <img src=""https://www.freecram.com/uploads/imgs/MCD-Level-1-JPN V15.95/img_62.jpg""> 都市と州の値を SQL クエリに渡すための入力パラメータを正しく指定する式はどれですか?",A.  | B.  | C.  | D. ,A,"Databaseコネクタの入力パラメータはDataWeaveマップとして設定し、{city: attributes.queryParams.city, state: attributes.queryParams.state}のように記述します。",https://www.freecram.com/MuleSoft-certification/MCD-Level-1-JPN-exam-questions.html?p=17
,84,"展示を参照してください。 <img src=""https://www.freecram.com/uploads/imgs/MCD-Level-1-JPN V15.95/img_340.jpg""> http://localhost:8081 への Web クライアント リクエストに対する応答は何ですか?",A. 後 | B. 前 | C. 検証エラー | D. null,C,HTTP要求のパスがルートと異なる場合（例：/のみ設定されているのに別のパスにアクセス）、404 Not Foundが返される代わりにAPIkitが検証エラーを返します。,https://www.freecram.com/MuleSoft-certification/MCD-Level-1-JPN-exam-questions.html?p=17
,85,企業には部門を管理するための API があり、各部門は一意の deptld によって識別されます。API は、MuleSoft のベスト プラクティスに従って RAML で構築されました。特定の部門の詳細を更新する方法を指定する有効な RAML は何ですか?,A.  | B.  | C.  | D. ,D,部門APIで一意のdeptIdで部門を更新するRAMLのベストプラクティスは、/{deptId}: put:またはpatch:のような構造です。特定リソースの更新にはPATCHまたはPUTを使用します。,https://www.freecram.com/MuleSoft-certification/MCD-Level-1-JPN-exam-questions.html?p=17
,86,コネクタ タイプの有効なカテゴリではないものは次のうちどれですか?,A. ゴールド | B. 選択 | C. プレミアム | D. コミュニティ,A,MuleSoftコネクタのカテゴリはPremium、Select、MuleSoft Certified（認定）、Communityの4種類です。「Gold」は有効なカテゴリではありません。,https://www.freecram.com/MuleSoft-certification/MCD-Level-1-JPN-exam-questions.html?p=18
,87,"展示品をご参照ください。 <img src=""https://www.freecram.com/uploads/imgs/MCD-Level-1-JPN V15.95/img_175.jpg""> <img src=""https://www.freecram.com/uploads/imgs/MCD-Level-1-JPN V15.95/img_176.jpg""> Web クライアントは、ペイロード {""oid"": ""1000"", ""itemid"": ""AC200"", ""qty"": ""4"" } を含む POST リクエストを Mule アプリケーションに送信します。ファイル書き込み操作では FILE:CONNECTIVITY エラーがスローされます。 Web クライアントにはどのような応答メッセージが返されますか?","A. 「その他のエラー」 | B. ''ファイル:CONNECnvnY'' | C. ""注文: NOT_CREATED"" | D. ""ファイルが書き込まれました""",C,エラーハンドラーが設定されている場合、カスタムエラーメッセージが返されます。FILE:CONNECTIVITYエラーが発生した際に特定のエラーハンドラーが定義されていれば、そのハンドラーの出力（注文: NOT_CREATED）が返されます。,https://www.freecram.com/MuleSoft-certification/MCD-Level-1-JPN-exam-questions.html?p=18
,88,Database On Table Row リスナーは、主キー userjd 列と増加する kxjin_date_time 列を含む CUSTOMER テーブルからデータを取得します。どちらの列でも値の重複は許可されません。各行を最大 1 回のみ取得するには、リスナーをどのように構成すればよいでしょうか?,A. ウォーターマーク列を bgin_date_time 列に設定します。 | B. ターゲット値を最後に取得したlogin_date_time値に設定します。 | C. ターゲット値を最後に取得した user_jd 値に設定します。 | D. ウォーターマーク列を user_Id 列に設定します,A,Database On Table Rowリスナーで各行を最大1回のみ取得するには、増加する列（login_date_time）をウォーターマーク列として設定します。これにより以前処理した行を再処理しません。,https://www.freecram.com/MuleSoft-certification/MCD-Level-1-JPN-exam-questions.html?p=18
,89,Core (dw::Core) モジュールを DataWeave スクリプトにインポートするにはどうすればよいですか?,A. #include dw::core | B. 不要 | C. インポートコア | D. dw::core をインポートします,B,DataWeaveのdw::Coreモジュールはすべてのスクリプトに自動インポートされるため、明示的なimport文は不要です。これは設定なしで利用できる唯一のモジュールです。,https://www.freecram.com/MuleSoft-certification/MCD-Level-1-JPN-exam-questions.html?p=18
,90,Mule のフローではないものはどれですか?,A. 同期フロー | B. サブフロー | C. 非同期サブフロー | D. 非同期フロー,C,Mule 4のフローの種類はFlow（同期フロー）、Sub Flow（サブフロー）、Private Flow（プライベートフロー）です。「非同期サブフロー」という種類は存在しません。,https://www.freecram.com/MuleSoft-certification/MCD-Level-1-JPN-exam-questions.html?p=18
,91,Dataweave からサブフローを呼び出すにはどうすればよいですか?,A. Mule 4 では不可能 | B. インポート機能 | C. ルックアップ関数 | D. インクルード関数,C,"DataWeaveスクリプトからMuleフロー（サブフロー含む）を呼び出すにはlookup関数を使います。lookup('flowName', inputPayload)の形式で呼び出せます。",https://www.freecram.com/MuleSoft-certification/MCD-Level-1-JPN-exam-questions.html?p=19
,92,"展示品をご参照ください。 <img src=""https://www.freecram.com/uploads/imgs/MCD-Level-1-JPN V15.95/img_234.jpg""> <img src=""https://www.freecram.com/uploads/imgs/MCD-Level-1-JPN V15.95/img_235.jpg""> Web クライアントはリクエストを HTTP リスナーに送信します。Web クライアントにはどのような応答メッセージが返されますか?",A. 終了 | B. 文字列が空白ではありません | C. クライアントに応答は返されず、Mule でリクエストはエラーになります。 | D. 開始,B,ValidationコンポーネントがSTRING_IS_NOT_BLANKエラーをスローしない場合（文字列が空白でない場合）、フローが続行して「文字列が空白ではありません」レスポンスが返されます。,https://www.freecram.com/MuleSoft-certification/MCD-Level-1-JPN-exam-questions.html?p=19
,93,"展示品をご参照ください。Mule アプリケーションはグローバル エラー ハンドラを定義しません。 Web クライアントは、この入力ペイロードを使用して POST リクエストを Mule アプリケーションに送信します。ファイル書き込み操作では、FILE: CONNECTIVITY エラーがスローされます。 Web クライアントにはどのような応答メッセージが返されますか? <img src=""https://www.freecram.com/uploads/imgs/MCD-Level-1-JPN V15.95/img_512.jpg"">","A. ""ファイル: CONNECTMTV | B. 「その他のエラー」 | C. ""ファイルが書き込まれました"" | D. ""注文: 作成されませんでした""",C,プライベートフローでValidationエラーが発生すると、そのエラーは呼び出し元のメインフローに伝播します。メインフローでそのエラーをキャッチするハンドラーが設定されていれば、そのレスポンスが返されます。,https://www.freecram.com/MuleSoft-certification/MCD-Level-1-JPN-exam-questions.html?p=19
,94,次のアクティビティのうち、並列実行をサポートしていないものはどれですか?,A. スキャッター・ギャザー・ルーター | B. 最初に成功したルーター | C. それぞれ並列 | D. バッチジョブ,B,[修正: C→B] 並列実行をサポートしないのはFor Each（シングルスレッド、順次処理）です。Scatter-Gather、First Successful、Batch Jobはすべて並列処理が可能です。,https://www.freecram.com/MuleSoft-certification/MCD-Level-1-JPN-exam-questions.html?p=19
,95,"展示品をご参照ください。 <img src=""https://www.freecram.com/uploads/imgs/MCD-Level-1-JPN V15.95/img_517.jpg""> このメインの Mule アプリケーションは、 ShippingAddress と呼ばれる別のフローを呼び出し、入力として送信されたユーザーの名前に対応するアドレスを返します。この ShippingAddress の出力は、address という名前のターゲット変数に保存されます。 次の要件セットは、以下の 2 つの値を設定する setPayload トランスフォーマーを用意することです。 1) orderkey は、元のリクエスト ペイロードで受信した order 要素と等しくなるように設定する必要があります。 2) ShippingAddress フローの応答で受信したアドレスと等しくなるように設定する必要がある addressKey 必要なデータを使用して Set Payload トランスフォーマーを適切に構成する簡単な方法は何ですか? <img src=""https://www.freecram.com/uploads/imgs/MCD-Level-1-JPN V15.95/img_519.jpg""> <img src=""https://www.freecram.com/uploads/imgs/MCD-Level-1-JPN V15.95/img_520.jpg""> 名前と注文情報を含むクライアントからの POST リクエストを処理する Mule アプリケーションが開発中です。サンプルリクエストは以下の通りです","A. 1. 1. {2. 2. orderkey: ""payload.order"",3. 3. addresskey: ""vars.address""4. 4. } | B. 1. 1. {2. 2. orderkey: ""attributes.shippingaddress.order"",3. 3. addresskey: ""payload""4. } | C. 1. 1. {2. 2. orderkey: ""payload.order"",3. 3. addresskey: ""address""4. } | D. 1. 1. {2. 2. orderkey: ""attributes.order"",3. 3. addresskey: ""vars.address""4. }",A,Set PayloadトランスフォーマーでorderKeyとaddressKeyを設定するには、DataWeave式でpayload.orderとvars.addressを参照します。,https://www.freecram.com/MuleSoft-certification/MCD-Level-1-JPN-exam-questions.html?p=19
,96,HTTP リスナー エンドポイントがすべてのリクエストを APIkit ルーターにルーティングするには、どのようなパス設定が必要ですか?,"A. /(*) | B. / | C. /() | D. ""/*""",D,HTTPリスナーエンドポイントがすべてのリクエストをAPIkitルーターにルーティングするには、パスを/*（スラッシュ+ワイルドカード）に設定します。,https://www.freecram.com/MuleSoft-certification/MCD-Level-1-JPN-exam-questions.html?p=20
,97,"展示品を参照してください。 <img src=""https://www.freecram.com/uploads/imgs/MCD-Level-1-JPN V15.95/img_105.jpg""> Scatter-Gather の実行では、flow ルートは 10 秒後に完了し、flow2 ルートは 40 秒後に完了します。スキャッターギャザーが完了するまでに何秒かかりますか?",A. 10 | B. 50 | C. 40 | D. 20,C,Scatter-Gatherは全ルートが完了するまで待機します。flow1が10秒、flow2が40秒かかる場合、最長の40秒が完了した時点で処理が続きます。,https://www.freecram.com/MuleSoft-certification/MCD-Level-1-JPN-exam-questions.html?p=20
,98,API の SLA 層をどこに作成しますか?,A. 交換 | B. API マネージャー | C. Anypoint Studio | D. RAML仕様の場合,B,SLA層（Service Level Agreement layers）はAPI Managerで作成します。SLA層はAPIへのアクセス制限（リクエストレート制限など）を定義するためのものです。,https://www.freecram.com/MuleSoft-certification/MCD-Level-1-JPN-exam-questions.html?p=20
,99,要件 の一部として、以下に定義されているアプリケーション プロパティにデータウィーブ式としてアクセスする必要があります。ポート値にマッピングするための正しい式は何ですか?,A. { port : p('db.port')} | B. { port : {db:port}} | C. { port : p['db.port']} | D. Dataweave ではアプリケーション プロパティにアクセスできません,A,DataWeaveからアプリケーションプロパティにアクセスするにはp()関数を使います：p('db.port')のように呼び出すと、config.yamlの値を取得できます。,https://www.freecram.com/MuleSoft-certification/MCD-Level-1-JPN-exam-questions.html?p=20
,100,アプリ チームはモバイル バンキング アプリを開発しています。中央データベースからトランザクション情報にアクセスするための独自の API を作成するのに 2 か月かかりました。アプリチームは後に、別のチームが必要なトランザクション情報にアクセスする API をすでに構築していることを知りました。MuleSoft によると、どのような組織構造であればアプリ チームの開発時間を 2 か月節約できたでしょうか?,A. MuleSoft サポート センター | B. 中央 API 審査委員会 | C. センター オブ エクセレンス | D. イネーブルメントセンター,D,アプリ開発チームが既に存在するAPIを再開発してしまった問題は、Center for Enablement（C4E）が再利用可能なAPIやアセットを発見可能な形で公開・管理していれば防げました。,https://www.freecram.com/MuleSoft-certification/MCD-Level-1-JPN-exam-questions.html?p=20
,101,サブフローと同期フローの違いは何ですか?,A. 違いはありません | B. サブフローには独自のエラー処理がありませんが、同期フローには独自のエラー処理があります。 | C. 同期フローには独自のエラー処理がありませんが、サブフローには独自のエラー処理があります。 | D. サブフローは同期、同期フローは非同期,B,サブフローは独自のエラーハンドラーを持てませんが、同期フロー（プライベートフロー）は独自のエラーハンドラーを設定できます。これがサブフローとプライベートフローの主な違いです。,https://www.freecram.com/MuleSoft-certification/MCD-Level-1-JPN-exam-questions.html?p=21
,102,"展示品をご参照ください。 <img src=""https://www.freecram.com/uploads/imgs/MCD-Level-1-JPN V15.95/img_424.jpg""> <img src=""https://www.freecram.com/uploads/imgs/MCD-Level-1-JPN V15.95/img_426.jpg""> Choice ルーターでは、domestic Shipping ルートの When 式が「#[payload = 'FR']」に設定されます。Choice ルーターの完了後に何が記録されますか?",A. 値「FR」を持つ文字列 | B. DataVVeave 構文エラー | C. 国内発送フローの結果 | D. 国際配送フローの結果,B,Choiceルーターの条件式で「=」（代入演算子）を使うとDataWeaveの構文エラーになります。比較には「==」を使う必要があります。'#[payload = ''FR'']'は無効なDataWeave式です。,https://www.freecram.com/MuleSoft-certification/MCD-Level-1-JPN-exam-questions.html?p=21
,103,"展示品をご参照ください。 <img src=""https://www.freecram.com/uploads/imgs/MCD-Level-1-JPN V15.95/img_370.jpg""> <img src=""https://www.freecram.com/uploads/imgs/MCD-Level-1-JPN V15.95/img_372.jpg""> <img src=""https://www.freecram.com/uploads/imgs/MCD-Level-1-JPN V15.95/img_373.jpg""> バッチ ジョブ スコープには、異なる受け入れ式を持つ 2 つのバッチ ステップ スコープが含まれています。 入力ペイロードはバッチ ジョブ スコープに渡されます。 ペイロード全体がバッチ ジョブ スコープによって処理された後、Logger コンポーネントによってどのようなメッセージが記録されましたか?",A. 1.{金額=140}2.{金額=102}3.{ステップ2金額=100} | B. 1.{金額=140}2.{金額=102}3.{ステップ2金額=100}4.{ステップ2金額=40} | C. 1.{金額=140}2.{金額=102}3.{ステップ2金額=100}4.{ステップ2金額=140} | D. 1.{金額=140}2.{金額=102}3.{ステップ2金額=100}4.{ステップ2金額=140}5.{ステップ2金額=102},D,バッチジョブで複数のバッチステップに異なるaccept式が設定されている場合、各ステップは自身のaccept条件を満たすレコードのみを処理します。すべての条件に該当するレコードが各ステップを通過します。,https://www.freecram.com/MuleSoft-certification/MCD-Level-1-JPN-exam-questions.html?p=21
,104,デフォルトでは、FTP コネクタの読み取り操作を使用してファイルが読み取られた後、ファイルはどうなりますか?,A. ファイルがフォルダーから削除されます | B. ファイルを別のフォルダに移動します | C. ファイルは変更されずに同じフォルダーに残ります。 | D. 同じフォルダー内でファイル名が変更されます。,C,FTPコネクタのデフォルトの読み取り操作では、ファイルを読み取っても元のフォルダに変更なく残ります。自動削除や移動はデフォルトでは行われません。,https://www.freecram.com/MuleSoft-certification/MCD-Level-1-JPN-exam-questions.html?p=21
,105,HTTP リクエスト操作は、空ではない JSON オブジェクト ペイロードを含む HTTP リクエストを外部 HTTP エンドポイントに送信します。外部 HTTP エンドポイントからの応答は XML 本文を返します。結果は、Result という名前のターゲットに保存されます。HTTP リクエスト後のイベント プロセッサのペイロードは何ですか?,A. 元の JSON リクエスト本文 | B. XML レスポンスボディ | C. 空ではない Java オブジェクト | D. null,A,HTTP RequestでTargetを指定した場合、ターゲット変数に応答が保存され、フローのペイロードは元のペイロード（JSON要求本文）が保持されます。,https://www.freecram.com/MuleSoft-certification/MCD-Level-1-JPN-exam-questions.html?p=21
,106,"展示品をご参照ください。 <img src=""https://www.freecram.com/uploads/imgs/MCD-Level-1-JPN V15.95/img_127.jpg""> Mule アプリケーションには、ハードコードされた値で設定された HTTP リクエストがあります。これを変更するには、Mule アプリケーションが config.yaml という名前のプロパティ ファイルを使用するように設定します。 HTTP リクエストのホスト値をハードコーディングしないように設定できる有効な式は何ですか?",A. ${training.host} | B. ${training:host} | C. #[training:host] | D. #[training.host],A,config.yamlのHTTPホスト値にアクセスするには${training.host}というプロパティプレースホルダー構文を使います。YAMLのネスト構造はドット区切りで表現します。,https://www.freecram.com/MuleSoft-certification/MCD-Level-1-JPN-exam-questions.html?p=22
,107,Utlility.dwl は Mule プロジェクトの src/main/resources/modules にあります。Utility.dwl ファイルは、文字列を暗号化する encryptString という名前の関数を定義します。Transform Message コンポーネントで encryptString 関数を呼び出すための正しい DataWeave は何ですか?,"A. 1. %dw 2.02. output application/json3. import modules::Utility4. ---5. Utility::encryptString( ""John Smith"" ) | B. 1. %dw 2.02. output application/json3. import modules::Utility4. ---5. encryptString( ""John Smith"" ) | C. 1. %dw 2.02. output application/json3. import modules.Utility4. ---5. encryptString( ""John Smith"" ) | D. 1. %dw 2.02. output application/json3. import modules.Utility4. ---5. Utility.encryptString( ""John Smith"" )",A,カスタムDataWeaveモジュールをインポートして使うには、import modules::Utilityを使い、Utility::encryptString()のようにモジュール名を前置して関数を呼び出します。,https://www.freecram.com/MuleSoft-certification/MCD-Level-1-JPN-exam-questions.html?p=22
,108,"展示品をご参照ください。メイン フローには、子フローの HTTP リスナーを呼び出すように構成された HTTP リクエスト オペレーションが含まれています。 Web クライアントは、sty クエリ パラメーターを 30 に設定して GET リクエストを HTTP リスナーに送信します。 HTTP リクエスト オペレーションが完了した後、メイン フローの Logger コンポーネントの Mule イベントのどの部分が、HTTP リクエスト オペレーションに入力された Mule イベントと同じですか? <img src=""https://www.freecram.com/uploads/imgs/MCD-Level-1-JPN V15.95/img_121.jpg"">",A. ペイロードとすべての変数 | B. すべての変数 | C. Mule イベント全体 | D. ペイロードとすべての属性,B,HTTP Requestオペレーション完了後、Muleイベントの変数は変わりません。ペイロードと属性のみが変更されます。したがって、全変数が同じまま残ります。,https://www.freecram.com/MuleSoft-certification/MCD-Level-1-JPN-exam-questions.html?p=14
,109,"展示品をご参照ください。 <img src=""https://www.freecram.com/uploads/imgs/MCD-Level-1-JPN V15.95/img_17.jpg""> Set Payload トランスフォーマーの値は {'year': '2020'} に設定されます。 2020 をハードコーディングせずに「今年は 2020 年です」というメッセージを出力するには、どのようなメッセージ値を Logger コンポーネントに追加する必要がありますか?","A. #[""年は ""++ payload.year] です。 | B. '#[年は $(ペイロード .year)]* | C. '#[年は "" + paytoad.year]' | D. 年は #[ペイロード.年] です。",A,"DataWeaveで文字列と変数を結合するLoggerメッセージは#[""年は "" ++ payload.year]のように書きます。++演算子はDataWeaveの文字列結合演算子です。",https://www.freecram.com/MuleSoft-certification/MCD-Level-1-JPN-exam-questions.html?p=22
,110,"展示品をご参照ください。 <img src=""https://www.freecram.com/uploads/imgs/MCD-Level-1-JPN V15.95/img_543.jpg""> order.csv ファイルが読み取られ、データベース内の注文を検索するために処理されます。Mule アプリケーションは Any point Studio でデバッグされ、ブレークポイントで停止します。 このブレークポイントでデバッガに表示されるペイロードは何ですか?",A. CSVファイル全体 | B. 100 | C. データベースの応答 | D. 「なし」,B,バッチジョブのブレークポイントでは、現在処理中のレコードのペイロードが表示されます。For Eachの場合、現在のイテレーションのアイテム（例：100という数値）が表示されます。,https://www.freecram.com/MuleSoft-certification/MCD-Level-1-JPN-exam-questions.html?p=22
,111,"展示を参照してください。 <img src=""https://www.freecram.com/uploads/imgs/MCD-Level-1-JPN V15.95/img_78.jpg""> <img src=""https://www.freecram.com/uploads/imgs/MCD-Level-1-JPN V15.95/img_79.jpg""> メイン フローはエラー ハンドラーで構成されます。Web クライアントが HTTP リスナーにリクエストを送信すると、HTTP リクエストによって HTTP:NOT_FOUND エラーがスローされます。 どのような応答メッセージが返されますか?」 どのような応答メッセージが返されるのでしょうか?",A. アプリ: API リソースが見つかりません | B. HTTP: 見つかりません | C. その他のエラー | D. 成功 - メインフロー,A,フローのエラーハンドラーでHTTP:NOT_FOUNDエラーを処理するハンドラーが設定されている場合（例：APP:API_RESOURCE_NOT_FOUND）、そのカスタムメッセージが返されます。,https://www.freecram.com/MuleSoft-certification/MCD-Level-1-JPN-exam-questions.html?p=23
,112,"展示を参照してください。 このエラーは、プロジェクトが Anypoint Studio で実行されるときに発生します。MuleSoft Maven リポジトリにない依存関係を持つプロジェクトが作成され、別のコンピュータで正常に実行されました。 プロジェクトを正常に実行するためにエラーを修正するための次のステップは何ですか? <img src=""https://www.freecram.com/uploads/imgs/MCD-Level-1-JPN V15.95/img_305.jpg"">",A. Mule プロジェクトの pom.xml ファイル内の依存関係を編集します。 | B. 依存関係をコンピューターのローカル Maven リポジトリにインストールします。 | C. MuleSoft の Maven リポジトリに依存関係をデプロイします。 | D. MULE_HOME/bin フォルダーに依存関係を追加します。,B,別のコンピュータで正常に動作していたプロジェクトをローカルで実行するためには、MuleSoftのMavenリポジトリにない依存関係をローカルMavenリポジトリにインストールする必要があります。,https://www.freecram.com/MuleSoft-certification/MCD-Level-1-JPN-exam-questions.html?p=23
,113,このエンドポイントは何を返すべきでしょうか? http://dev.acme.com/api/patients?name=John&surname=Bell,A. ジョンという名前の患者 | B. 姓がベルの患者 | C. ジョンという名前またはベルという姓のいずれかの患者 | D. 名前がジョン、姓がベルの患者,D,クエリパラメータを複数指定した場合、REST APIのベストプラクティスではすべてのパラメータがAND条件として解釈されます。name=Johnかつsurname=Bellの患者が返されます。,https://www.freecram.com/MuleSoft-certification/MCD-Level-1-JPN-exam-questions.html?p=23
,114,Web クライアントはリクエストを http://localhost:8081?dept=sales に送信します。dept の値にアクセスするための正しい DataWeave 式は何ですか?,A. vars.dept | B. attributes.queryParams.dept | C. 属性.dept | D. message.queryParams.dept,B,HTTPクエリパラメータにアクセスするにはattributes.queryParams.dept式を使います。Mule 4ではinboundPropertiesではなくattributes内のqueryParamsにクエリパラメータが格納されます。,https://www.freecram.com/MuleSoft-certification/MCD-Level-1-JPN-exam-questions.html?p=23
,115,"展示品をご参照ください。 <img src=""https://www.freecram.com/uploads/imgs/MCD-Level-1-JPN V15.95/img_504.jpg""> <img src=""https://www.freecram.com/uploads/imgs/MCD-Level-1-JPN V15.95/img_505.jpg""> メイン フローには、子フローを呼び出すように設定されたフロー リファレンス コンポーネントが含まれています。フロー リファレンス コンポーネントに渡される Mule イベントのどの部分が子フローで利用可能ですか?",A. ペイロードとすべての変数 | B. ペイロード | C. Mule イベント全体 | D. ペイロードとすべての属性,C,[修正: A→C] Flow Referenceコンポーネントはペイロード、属性、変数を含むMuleイベント全体を渡します。子フローは親フローの同じMuleイベントにアクセスできます。,https://www.freecram.com/MuleSoft-certification/MCD-Level-1-JPN-exam-questions.html?p=23
,116,アプリケーションネットワーク内。製品 API のインターフェイスではなく実装が変更された場合、製品 API を使用する他の A​​PI に対して何を行う必要がありますか?,A. 他の API に関連付けられているアプリケーションを再起動する必要があります | B. 他の API に関連付けられたアプリケーションを再コーディングする必要があります | C. 更新された製品 API を使用するには、他の API も更新する必要があります | D. 他の API またはそれに関連するアプリケーションでは何も変更する必要はありません。,D,アプリケーションネットワークでAPIの実装（内部）が変更されてもインターフェイス（API仕様）が変わらなければ、そのAPIを使う他のAPIやアプリは変更不要です。これがAPI主導の接続の重要なメリットです。,https://www.freecram.com/MuleSoft-certification/MCD-Level-1-JPN-exam-questions.html?p=24
,117,DataWeave の zip 演算子によって提供される機能は次のうちどれですか?,A. 2 つのリスト (配列) の要素を 1 つのリストに結合します。 | B. 添付ファイルの送信に使用します | C. エンコードを使用して長いテキストのサイズを最小限に抑えます。 | D. 上記のすべて,A,"DataWeaveのzip関数は2つの配列を組み合わせて、対応する要素をペアにした配列の配列を返します。例：zip([1,2], ['a','b']) は [[1,'a'],[2,'b']] を返します。",https://www.freecram.com/MuleSoft-certification/MCD-Level-1-JPN-exam-questions.html?p=24
,118,"展示を参照してください。 <img src=""https://www.freecram.com/uploads/imgs/MCD-Level-1-JPN V15.95/img_186.jpg""> API は、Plan データ型の全社標準を使用して更新する必要があります。Object データ型は、グローバル参照を使用して Anypoint Exchange ですでに公開されています。 ACME/DataTypes/PlanDataType.raml。 Plan データ型を再利用する有効な RAML 仕様は何ですか?",A.  | B.  | C.  | D. ,D,Anypoint ExchangeからRAMLフラグメントを参照するには!includeとExchangeのグローバル参照パスを組み合わせます。選択肢Dが正しい構文です。,https://www.freecram.com/MuleSoft-certification/MCD-Level-1-JPN-exam-questions.html?p=24
,119,"展示を参照してください。 構成された入力パラメータから都市と州の値を設定するには、WHERE 句をどのように変更する必要がありますか? <img src=""https://www.freecram.com/uploads/imgs/MCD-Level-1-JPN V15.95/img_35.jpg"">",A.  | B.  | C.  | D. ,B,[修正: D→B] SQLクエリの入力パラメータでWHERE句にフィールドを指定するには:paramName構文を使います：WHERE city = :city AND state = :stateのように記述します。,https://www.freecram.com/MuleSoft-certification/MCD-Level-1-JPN-exam-questions.html?p=24
,120,ルーターとして使用できるイベントプロセッサのタイプとして無効なものは次のうちどれですか?,A. 選択肢 | B. ラウンドロビン | C. 最初に選択 | D. 最初に成功しました,C,MuleSoftのルーターとして使用できるのはChoice、Round Robin、First Successful、Scatter-Gatherです。「最初に選択」（First Select）という名称のルーターは存在しません。,https://www.freecram.com/MuleSoft-certification/MCD-Level-1-JPN-exam-questions.html?p=24
,121,企業には、各レコードが一意の発注書 ID で識別される発注書を管理するための API があります。API は、MuleSoft のベスト プラクティスに従って RAML で構築されました。Web クライアントは注文 P05555 をリクエストするためにどの URI を使用する必要がありますか?,A. /orders/order=P05555 | B. /orders/P05555 | C. /orders?order=P05555 | D. /orders/{P05555},B,MuleSoftのRESTfulベストプラクティスでは、特定のリソースはURIパスパラメータで識別します：/orders/P05555のようにIDをパスに含めます。クエリパラメータはフィルタリングに使用します。,https://www.freecram.com/MuleSoft-certification/MCD-Level-1-JPN-exam-questions.html?p=25
,122,API が標準的な手法を使用して構築されていると考えると、このエンドポイントは何を返すべきでしょうか?http://dev.acme.com/api/patients?year=2021,A. ID 2021 の患者 | B. 2021 年以降の患者 | C. 患者なし | D. すべての患者,B,クエリパラメータyear=2021を持つリクエストは、標準的なREST APIではフィルタリング条件として解釈されます。year=2021に関連する患者（例：2021年以降）を返すのが標準的な解釈です。,https://www.freecram.com/MuleSoft-certification/MCD-Level-1-JPN-exam-questions.html?p=25
,123,Dataweave flatten 関数の出力は何ですか?,A. オブジェクト | B. 地図 | C. 配列 | D. リンクハッシュマップ,C,"DataWeaveのflatten関数はネストした配列を平坦化して1次元の配列（Array）を返します。例：flatten([[1,2],[3,4]]) は [1,2,3,4] を返します。",https://www.freecram.com/MuleSoft-certification/MCD-Level-1-JPN-exam-questions.html?p=25
,124,"展示品を参照してください。 <img src=""https://www.freecram.com/uploads/imgs/MCD-Level-1-JPN V15.95/img_361.jpg""> ロガーが「都市はプネです」と出力するには、どのようなメッセージをロガー コンポーネントに追加する必要がありますか (二重引用符はログに記録されるメッセージの一部であってはなりません)。","A. #[""都市は"" ++ payload.C​​ity] | B. 都市は + #[payload.C​​ity] | C. 都市は #[payload.C​​ity] です。 | D. #[都市は ${payload.C​​ity} です",C,Loggerで文字列リテラルとDataWeave式を組み合わせるには、文字列内にインライン式#[expr]を埋め込む形式が使えます。例：都市は #[payload.City] です。,https://www.freecram.com/MuleSoft-certification/MCD-Level-1-JPN-exam-questions.html?p=25
,125,既存のリソースを完全に置き換えるために、RESTful Web サービスのどの HTTP メソッドが通常使用されますか?,A. 取得 | B. パッチ | C. 置く | D. ポスト,C,HTTP PUTメソッドは既存のリソースを完全に置き換えるために使用されます。PATCHは部分的更新、POSTは新規作成、GETはデータ取得です。,https://www.freecram.com/MuleSoft-certification/MCD-Level-1-JPN-exam-questions.html?p=25
,126,"展示を参照してください。メイン フローには、フローの途中に HTTP リクエストが含まれています。HTTP リスナーと HTTP リクエストはデフォルト設定を使用します。 Web クライアントが http://local:801/order?color=red にリクエストを送信した後、フローの最後にロガーがアクセスできる値は何ですか? <img src=""https://www.freecram.com/uploads/imgs/MCD-Level-1-JPN V15.95/img_103.jpg"">",A. ペイロード | B. ペイロード数量 var | C. ペイロードカラークエリパラメータ | D. ペイロード数量 var color クエリパラメータ,B,フローの途中にHTTPリクエストがある場合、HTTPリクエスト後はペイロード（HTTPレスポンス）と変数（途中で設定した変数）のみが残ります。元の属性（クエリパラメータ）はHTTPレスポンスの属性に置き換えられます。,https://www.freecram.com/MuleSoft-certification/MCD-Level-1-JPN-exam-questions.html?p=18
,127,For Each および Batch Job スコープではどのような実行モデルが使用されますか?,A. Batch Job はシングルスレッドで、For Each はマルチスレッドです | B. 両方ともシングルスレッドです | C. For Each はシングルスレッドで、Batch Job はマルチスレッドです | D. 両方ともマルチスレッドです,C,For Eachはシングルスレッドで順次処理、Batch Jobはマルチスレッドで並列処理します。これはMule 4の重要な特徴で、大量データ処理にはBatch Jobが適しています。,https://www.freecram.com/MuleSoft-certification/MCD-Level-1-JPN-exam-questions.html?p=26
,128,下記出品物をご参照ください。Mule アプリケーションは、config.yaml という名前のプロパティ プレースホルダ ファイルを設定して、HTTP コネクタのいくつかのプロパティ プレースホルダを設定します。これらの値を設定するための有効なプロパティ プレースホルダー ファイルは何ですか?,"A. 1.http:2. host = ""localhost""3. port = ""8081"" | B. 1.http:2. basepath: ""api""3. host : ""localhost""4. port : ""8081"" | C. 1. http.host = localhost2. http.port = 8081 | D. 1. {2. http:3. basePath: ""api"",4. port: ""8081"",5. host: "" localhost""",B,"config.yaml形式でHTTPコネクタのプロパティを設定するには、YAMLの階層構造を使います：http: basepath: ""api"" host: ""localhost"" port: ""8081""のように記述します。",https://www.freecram.com/MuleSoft-certification/MCD-Level-1-JPN-exam-questions.html?p=26
,129,Autodiscovery が設定された Mule アプリケーションは API を実装します。この Mule アプリケーションに対して定義されたポリシーのガバナンスはどこで適用されますか?,A. ランタイムマネージャー内 | B. ランタイムマネージャー | C. Mule アプリケーション内 | D. API マネージャー内,C,[修正: D→C] Autodiscovery（自動検出）で設定されたMuleアプリケーションのポリシーガバナンスは、実際のポリシー強制はMuleアプリケーション内（組み込みAPI Gateway）で行われます。,https://www.freecram.com/MuleSoft-certification/MCD-Level-1-JPN-exam-questions.html?p=26
,130,"展示品をご参照ください。 <img src=""https://www.freecram.com/uploads/imgs/MCD-Level-1-JPN V15.95/img_13.jpg""> メイン フローの最後にログに記録されるペイロードと変数は何ですか? <img src=""https://www.freecram.com/uploads/imgs/MCD-Level-1-JPN V15.95/img_14.jpg"">","A. [[5, 10, 15, 20], 1] | B. [[5, 10, 15, 20], 5] | C. [[Req5, Req10, Req15, Req20], 5] | D. [Req5Req10,Req15Req20, 5]",B,"Scatter-GatherとFor Eachを組み合わせた処理では、最終的なペイロードは配列になり、変数countは正しくインクリメントされます。[[5,10,15,20], 5]が正しい出力です。",https://www.freecram.com/MuleSoft-certification/MCD-Level-1-JPN-exam-questions.html?p=26
,131,以下のうち、API ノートブックの機能ではないものは何ですか?,A. API ドキュメント | B. API のクライアントを作成します。 | C. API のモック サービスを作成します | D. 実サーバー上で認証されたライブ コールを実行します。,C,API Notebookはドキュメント機能、APIクライアント作成、ライブAPIコールの実行はできますが、APIのモックサービスの作成は別ツール（API Mocking Service）の機能です。,https://www.freecram.com/MuleSoft-certification/MCD-Level-1-JPN-exam-questions.html?p=27
,132,フローには、イベント ソースとして HTTP リスナーが含まれています。Logger コンポーネントを使用して Content-Type ヘッダーをログに記録するための DataWeave 式は何ですか?,"A. #[""Content-Type: "" ++attributs.headers.'content-type'] | B. #[""Content-Type: "" + headers.'content-type'] | C. #[""Content-Type: "" +attributs.headers.'content-type'] | D. #[""Content-Type: "" ++ headers.'content-type']",A,LoggerコンポーネントでContent-Typeヘッダーを記録するには、attributes.headers.'content-type'にアクセスします。ヘッダーはattributes.headersオブジェクトに格納されています。,https://www.freecram.com/MuleSoft-certification/MCD-Level-1-JPN-exam-questions.html?p=27
,133,Mule アプリケーションの HTTP リスナーは HTTP プロトコルで設定されます。HTTP リスナーのポート属性は、http.port という名前のプロパティ プレースホルダーを使用して構成されます。ESB Mule アプリケーションは、http.port プロパティのプレースホルダの値を 9090 に設定します。ESB Mule アプリケーションは、ランタイム マネージャの [プロパティ] タブでプロパティを設定せずに CloudHub にデプロイされ、Mule アプリケーションのデプロイメント完了後に HTTP リスナーのステータスがログ メッセージで報告されます。Mule アプリケーションがデプロイされた後、Mule アプリケーションの HTTP リスナーがリッスンするポートに関連するワーカー ログにはどのような情報が報告されますか?,A. HTTP リスナーはポート 80 でリッスンしています。 | B. HTTP リスナーはポート 9090 でリッスンしています。 | C. HTTP リスナーはポート 8081 でリッスンしています。 | D. HTTP リスナーはポートへのバインドに失敗し、接続をリッスンしていません。,C,CloudHubにデプロイする場合、CloudHubはHTTPポートとして8081を予約しています。アプリケーションで${http.port}プレースホルダーを使うと、デプロイ時にCloudHubが自動的に8081に設定します。,https://www.freecram.com/MuleSoft-certification/MCD-Level-1-JPN-exam-questions.html?p=27
,134,DataWeave が緊密に統合されているコンポーネントを選択してください。,A. すべての API | B. Mule ランタイム | C. 交換 | D. フローデザイナー,B,DataWeaveはMule Runtimeに密接に統合されており、すべてのトランスフォーメーションとデータ変換処理はMule Runtimeエンジン内で実行されます。,https://www.freecram.com/MuleSoft-certification/MCD-Level-1-JPN-exam-questions.html?p=27
,135,"展示を参照してください。 <img src=""https://www.freecram.com/uploads/imgs/MCD-Level-1-JPN V15.95/img_86.jpg""> 入力を出力に変換するデータベース式は何ですか?",A.  | B.  | C.  | D. ,D,DataWeaveでの入力から出力への変換では、選択肢Dが示す構文が正しいアプローチです（DataWeaveスクリプトの適切な構造）。,https://www.freecram.com/MuleSoft-certification/MCD-Level-1-JPN-exam-questions.html?p=27
,136,組織管理者はどのアプリケーションから SLA 層のアクセス要求を承認/取り消し/削除できますか,A. API 交換 | B. APIポータル | C. APIゲートウェイ | D. API マネージャー,D,SLA層へのアクセスリクエストの承認/取り消し/削除は、API ManagerのAPIインスタンス管理画面から行います。,https://www.freecram.com/MuleSoft-certification/MCD-Level-1-JPN-exam-questions.html?p=28
,137,クエリパラメータの値は、HTTP リスナーによって Mule イベントのどこに保存されますか?,A. インバウンドプロパティ | B. 変数 | C. 属性 | D. ペイロード,C,HTTPリスナーはクエリパラメータをMuleイベントのattributes（具体的にはattributes.queryParams）に保存します。Mule 4ではinboundPropertiesは廃止されました。,https://www.freecram.com/MuleSoft-certification/MCD-Level-1-JPN-exam-questions.html?p=28
,138,Mule アプリケーションには ActiveMQ JMS 依存関係が含まれています。Mule アプリケーションはコンパイルされ、Anypoint Studio で正常に実行されました。Mule アプリケーションを Anypoint Studio からエクスポートし、他の開発者と共有する必要があります。他の開発者の Anypoint Studio にインポートして正常に実行できる最小の JAR ファイルを作成するには、どのエクスポート オプションを選択する必要がありますか?,A. プロジェクトソースのみをアタッチのみを選択します | B. [プロジェクト ソースをアタッチ] オプションと [プロジェクト モジュールと依存関係を含める] オプションの両方を選択します。 | C. [プロジェクト モジュールと依存関係を含める] オプションのみを選択します。 | D. [プロジェクト ソースをアタッチ] オプションと [プロジェクト モジュールと依存関係を含める] オプションの両方の選択を解除します。,A,他の開発者がインポートして実行できる最小のJARを作成するには、プロジェクトソースのみをアタッチするオプションを選択します。依存関係は各開発者がMavenリポジトリから解決できます。,https://www.freecram.com/MuleSoft-certification/MCD-Level-1-JPN-exam-questions.html?p=28
,139,CloudHub ワーカー上で実行できる Mule アプリケーションはいくつですか?,A. 場合による | B. 少なくとも 1 つ | C. 最大 1 つ | D. どれもありません,C,CloudHubの1つのワーカーで実行できるMuleアプリケーションは最大1つです。各ワーカーは1つのアプリケーション専用です。,https://www.freecram.com/MuleSoft-certification/MCD-Level-1-JPN-exam-questions.html?p=28
,140,Web クライアントが http://localhost:8081/books/0471767840 にリクエストを送信します。値「0471767840」は、Set Variable トランスフォーマによって booklSBN という名前の変数にキャプチャされます。フローの後半で booklSBN にアクセスするための DataWeave 式は何ですか?,A. 属性.booklSBN | B. 本SBN | C. flowVars.booklSBN | D. 変数。本SBN,D,Mule 4でフロー変数にアクセスするには vars.variableName 式を使います。flowVarsはMule 3の古い構文です。例：vars.bookISBN,https://www.freecram.com/MuleSoft-certification/MCD-Level-1-JPN-exam-questions.html?p=28
,141,On Table Row Database リスナーは、record_id (増加する数値列) を含むテーブルからデータを取得します。新しい行を最大 1 回取得するには、リスナーをどのように構成すればよいでしょうか?,A. ターゲットをrecord_id列に設定します | B. 最後に取得した Record_id 値を保存するように ObjectStore を設定します。 | C. ウォーターマーク列をレコード ID 列に設定します。 | D. 最後に取得したrecord_id値を格納するターゲットを設定します。,C,Database On Table Rowリスナーで新しい行を最大1回のみ取得するには、増加する数値列（record_id）をウォーターマーク列として設定します。,https://www.freecram.com/MuleSoft-certification/MCD-Level-1-JPN-exam-questions.html?p=29
,142,バッチ ジョブ スコープには 5 つのバッチ ステップがあります。入力データが不完全であるため、イベント プロセッサは 2 番目のバッチ ステップでエラーをスローします。エラーがスローされた後のバッチ ジョブのデフォルトの動作は何ですか?,A. バッチジョブのすべての処理が停止します。 | B. イベント処理は次のバッチ ステップに進みます。 | C. エラーは無視されます | D. バッチは再試行されます,B,[修正: A→B] Batch Jobでエラーが発生した場合のデフォルト動作は、エラーが発生したレコードをスキップして次のバッチステップに進みます。デフォルトのmaxFailedRecords設定によって制御されます。,https://www.freecram.com/MuleSoft-certification/MCD-Level-1-JPN-exam-questions.html?p=29
,143,"展示を参照してください。 <img src=""https://www.freecram.com/uploads/imgs/MCD-Level-1-JPN V15.95/img_151.jpg""> 415 エラーを修正するには何を変更する必要がありますか?",A. 応答の Content-Type ヘッダーを text/plain に設定します。 | B. 応答 Content-Type ヘッダーを application/json に設定します。 | C. リクエストの Content-Type ヘッダーを application/] に設定します。 | D. リクエストの Content-Type ヘッダーを text/plain に設定します。,C,415 Unsupported Media TypeエラーはリクエストのContent-Typeが正しくない場合に発生します。リクエストのContent-Typeヘッダーをapplication/jsonに変更する必要があります。,https://www.freecram.com/MuleSoft-certification/MCD-Level-1-JPN-exam-questions.html?p=29
,144,"展示を参照してください。 <img src=""https://www.freecram.com/uploads/imgs/MCD-Level-1-JPN V15.95/img_440.jpg""> conductorlds 配列を XML 出力に変換する DataWeave 式はどれですか?",A.  | B.  | C.  | D. ,D,DataWeaveでconductorIds配列をXML出力に変換するには選択肢Dの構文が正しいです（配列の各要素をXML要素にマップする構造）。,https://www.freecram.com/MuleSoft-certification/MCD-Level-1-JPN-exam-questions.html?p=29
,145,"展示を参照してください。 <img src=""https://www.freecram.com/uploads/imgs/MCD-Level-1-JPN V15.95/img_485.jpg""> 選択ルーターのデフォルトのスコープは、カラー フローを再帰的に呼び出します。 Web クライアントは、ペイロード Blue を持つ PUT リクエストを HTTP リスナーに送信します。 Web クライアントにはどのような応答が返されますか?","A. 「白」 | B. 「グリーン」 | C. タイムアウトエラー | D. [""青""、""赤""、""黒色""]",C,Choiceルーターのデフォルトスコープがそのフロー自体を再帰的に呼び出す場合、条件に一致しない限り無限ループになりタイムアウトエラーが発生します。,https://www.freecram.com/MuleSoft-certification/MCD-Level-1-JPN-exam-questions.html?p=29
,146,Web クライアントは、http://localhost:8081?accountType=personal にリクエストを送信します。クエリ パラメーターは、Set Variable トランスフォーマーを使用して accountType という名前の変数にキャプチャされます。accountType を記録するための正しい DataWeave 式は何ですか?,A. アカウントの種類: #[flowVars.accountType] | B. アカウントの種類: #[message.inboundProperties.accountType] | C. アカウントの種類: #[attributes.accountType] | D. アカウントの種類: #[vars.accountType],D,Set Variableで設定した変数にアクセスするには#[vars.accountType]を使います。Mule 4ではflowVarsではなくvarsを使用します。,https://www.freecram.com/MuleSoft-certification/MCD-Level-1-JPN-exam-questions.html?p=30
,147,"展示を参照してください。 <img src=""https://www.freecram.com/uploads/imgs/MCD-Level-1-JPN V15.95/img_266.jpg""> Choice ルーターの 3 つの条件はすべて true です。どのようなログメッセージが書き込まれるのでしょうか?",A. ルート1、ルート2 | B. ルート 1、ルート 2、デフォルト | C. ルート1 | D. ルート2,C,Choiceルーターは最初に真となる条件のルートのみを実行します。3つの条件がすべて真でも、最初に評価されたRoute1のみが実行されます。,https://www.freecram.com/MuleSoft-certification/MCD-Level-1-JPN-exam-questions.html?p=30
,148,APIkit の api:router 要素の目的は何ですか?,A. サードパーティの Java ライブラリを使用してネイティブ コネクタを作成します。 | B. API 実装として機能します。 | C. リクエストを RAML API 仕様に照らして検証し、API 実装にルーティングします。 | D. API リクエストから返されたレスポンスを検証し、呼び出し元にルーティングします。,C,APIkit RouterはRAML仕様のリクエストを検証し適切なフローにルーティングします。リクエストのHTTPメソッド、パス、パラメータをRAML仕様と照合して検証します。,https://www.freecram.com/MuleSoft-certification/MCD-Level-1-JPN-exam-questions.html?p=30
,149,"展示品をご参照ください。 <img src=""https://www.freecram.com/uploads/imgs/MCD-Level-1-JPN V15.95/img_170.jpg""> Set Variable トランスフォーマーは、値 #[ [ first ""Max"" last ""Mule""} ] で設定されます。 Mule イベントから値「Max」にアクセスするためにロガーのメッセージ属性として設定する有効な DataWeave 式は何ですか?","A. 「顧客第一」 | B. vars ""顧客"" ""最初"" | C. vars ""顧客第一"" | D. 顧客第一",B,"Set Variableで設定したオブジェクト値（{first: 'Max', last: 'Mule'}）にアクセスするにはvars.customer.firstのようなDataWeave式を使います。",https://www.freecram.com/MuleSoft-certification/MCD-Level-1-JPN-exam-questions.html?p=30
,150,"展示品をご参照ください。 <img src=""https://www.freecram.com/uploads/imgs/MCD-Level-1-JPN V15.95/img_221.jpg""> <img src=""https://www.freecram.com/uploads/imgs/MCD-Level-1-JPN V15.95/img_222.jpg""> メイン フローの最後にログに記録されるペイロードと数量は何ですか?","A. [[順序 1、順序 2、順序 3、順序 4]、14] | B. [orderlorder2order3order4,14] | C. [[1,2,3,4], 14] | D. [[1,2,3,4], 10]",C,For Eachと変数を使った集計では、各反復でペイロードが設定された値になり、最終的なペイロードはリストの最後の要素、countは合計値になります。,https://www.freecram.com/MuleSoft-certification/MCD-Level-1-JPN-exam-questions.html?p=30
,151,Scatter-Gather は 3 つの個別の HTTP リクエストを処理します。各リクエストは、JSON ペイロードを含む Mule イベントを返します。Scatter-Gather の最終出力は何ですか?,A. 3 つの Mule イベント オブジェクトの配列 | B. 3 つの Mule イベント オブジェクトをすべて含むオブジェクト | C. 3 つの JSON ペイロード オブジェクトの配列 | D. 3 つの JSON ペイロード オブジェクトすべてを含むオブジェクト,B,Scatter-Gatherの最終出力はMuleイベントオブジェクトを含むオブジェクト（Object of Mule events）です。各ルートのMuleイベントがキー付きオブジェクトとして返されます。,https://www.freecram.com/MuleSoft-certification/MCD-Level-1-JPN-exam-questions.html?p=31
,152,"展示を参照してください。 <img src=""https://www.freecram.com/uploads/imgs/MCD-Level-1-JPN V15.95/img_545.jpg""> 従業員 ID を HTTP リスナー パスの URI パラメーターとして追加するための正しい構文は何ですか?",A. (従業員 D) | B. ${emp!oyeelD} | C. {従業員D} | D. #[従業員D],C,HTTPリスナーのURIパラメータを定義するには中括弧{employeeID}を使います。例：/employees/{employeeID},https://www.freecram.com/MuleSoft-certification/MCD-Level-1-JPN-exam-questions.html?p=31
,153,Design Center のフロー デザイナーの主な目的は何ですか?,A. ホストされた開発環境で完全に機能する Mule アプリケーションを設計および開発する | B. API RAML ファイルをグラフィカルな方法で設計するには | C. Anypoint Studio を使用して実装する必要がある Mule アプリケーション テンプレートを設計およびモックするため | D. API ライフサイクル管理をグラフィカルな方法で定義するには,A,Design CenterのFlow Designerはホストされたクラウド環境で完全なMuleアプリケーションを設計・開発できます。APIデザインはAPI Designerが担当します。,https://www.freecram.com/MuleSoft-certification/MCD-Level-1-JPN-exam-questions.html?p=31
,154,次のうち資産ではないものはどれですか?,A. テンプレート | B. コネクタ | C. 交換 | D. 例,C,Anypoint ExchangeはMuleSoftの資産カタログであり、それ自体は「資産（Asset）」ではありません。テンプレート、コネクタ、例などがExchangeに公開される資産です。,https://www.freecram.com/MuleSoft-certification/MCD-Level-1-JPN-exam-questions.html?p=31
,155,ショッピング API には、部門ごとに店舗の詳細を検索するメソッドが含まれています。 特定の店舗の情報を取得するために、Web クライアントは、Department という名前のクエリ パラメーターと、storeld という名前の URI パラメーターを使用してリクエストを送信します。特定のストア ID および部門名のデータを取得するための Web クライアントからのリクエストをサポートする有効な RAML スニペットは何ですか?,A.  | B.  | C.  | D. ,D,[修正: C→D] ショッピングAPIのstoreId（URIパラメータ）とDepartment（クエリパラメータ）を持つエンドポイントのRAMLは、/{storeId}: get: queryParameters: Department:のように記述します。,https://www.freecram.com/MuleSoft-certification/MCD-Level-1-JPN-exam-questions.html?p=31
,156,"展示品をご参照ください。選択ルータでは、国内配送ルートのWhen式が「#[payload= ""FR""]」に設定されています。 選択ルーターの実行が完了した後のロガーの出力は何ですか? <img src=""https://www.freecram.com/uploads/imgs/MCD-Level-1-JPN V15.95/img_156.jpg"">",A. 「国内」 | B. 「インターナショナル」 | C. 「米国」 | D. データウィーブ構文エラー,D,Choiceルーターの条件式で「=」（代入演算子）を使うとDataWeaveの構文エラーになります。比較には「==」を使う必要があります。,https://www.freecram.com/MuleSoft-certification/MCD-Level-1-JPN-exam-questions.html?p=24
,157,アウトバウンド HTTP リクエストが行われた後、フロー内の Mule イベントの属性はどうなりますか?,A. 属性は HTTP リクエスト応答からの新しい属性に置き換えられます (null の可能性があります)。 | B. HTTP 応答ヘッダーから新しい属性を追加できますが、ヘッダーは削除されません。 | C. 属性は変化しない | D. 以前の属性は変更されずに渡されます。,A,アウトバウンドHTTPリクエスト後、Muleイベントの属性はHTTPレスポンスの属性（HTTPステータスコード、レスポンスヘッダーなど）に置き換えられます。null値の場合もあります。,https://www.freecram.com/MuleSoft-certification/MCD-Level-1-JPN-exam-questions.html?p=32
,158,Mulesoft が推奨する API 主導の接続アプローチに従って、組織はアプリケーション ネットワークを作成しました。組織は現在、アプリケーション ネットワーク内の他の API によって提供されるデータを変換、調整、および集約するための API を作成する必要があります。この API は、将来追加の API からのデータを処理できないほど柔軟である必要があります。Mulesoft が推奨する API 主導の接続アプローチによると、この新しい API に最適なレイヤーは何ですか?,A. プロセス層 | B. システム層 | C. エクスペリエンス層 | D. データ層,A,MuleSoftのAPI主導の接続では、異なるシステムからのデータを変換・集約・調整する役割はプロセス層（Process Layer）のAPIが担います。システム層とエクスペリエンス層の間に位置します。,https://www.freecram.com/MuleSoft-certification/MCD-Level-1-JPN-exam-questions.html?p=32
,159,"展示品をご参照ください。 <img src=""https://www.freecram.com/uploads/imgs/MCD-Level-1-JPN V15.95/img_210.jpg""> <img src=""https://www.freecram.com/uploads/imgs/MCD-Level-1-JPN V15.95/img_211.jpg""> Set Paylaod トランスフォーマーは、以下の画像に示すように、顧客の姓と名を設定します。 受信イベントから firstName (この場合は Madhav) にアクセスするために Logger アクティビティの message 属性に追加できる正しい Dataweave 式は何ですか?","A. 名 | B. customer.firstName | C. vars.""顧客.名"" | D. vars.""customer"".""firstName""",D,"Set Payloadでネストした変数を設定した場合、DataWeave式でvars.""customer"".""firstName""のようにアクセスします。変数名にドットが含まれる場合は引用符で囲む必要があります。",https://www.freecram.com/MuleSoft-certification/MCD-Level-1-JPN-exam-questions.html?p=32
,160,APIゲートウェイの機能ではないものは何ですか?,A. どのトラフィックが API を介してバックエンド サービスに通過することを許可されているかを決定します。 | B. 通過するトラフィックを計測します | C. すべてのトランザクションをログに記録し、分析データを収集および追跡します。 | D. スロットリング、セキュリティ、その他のポリシーを指定します。,D,APIゲートウェイはトラフィック制御（どのトラフィックを許可するか）、計測、ログ記録を行います。スロットリングやセキュリティポリシーはAPI Managerで定義されてAPIゲートウェイが強制しますが、「ポリシーを指定する」のはAPI Managerの機能です。,https://www.freecram.com/MuleSoft-certification/MCD-Level-1-JPN-exam-questions.html?p=32
,161,展示を参照してください。http://localhost:8081/ へのリクエストからどのようなペイロードが返されますか？,A. 1 | B. 2 | C. 3 | D. 4,C,HTTP://localhost:8081/へのリクエストで、Choiceルーターの条件に基づき3番目のルートが選択されます。,https://www.freecram.com/MuleSoft-certification/MCD-Level-1-JPN-exam-questions.html?p=33
,162,Logger コンポーネントが 3SON オブジェクト ペイロードの内容を含むメッセージを出力するための正しい構文は何ですか?,"A. ペイロードは次のとおりです: $(ペイロード) | B. #[""ペイロードは次のとおりです: "" ++ ペイロード] | C. ペイロードは次のとおりです: #[ペイロード] | D. #[""ペイロードは次のとおりです: "" + ペイロード]",B,LoggerコンポーネントでJSONオブジェクトのペイロード内容を含むメッセージを出力するには#['ペイロードは次のとおりです: ' ++ payload]のように++演算子で連結します。,https://www.freecram.com/MuleSoft-certification/MCD-Level-1-JPN-exam-questions.html?p=33
,163,"展示を参照してください。 <img src=""https://www.freecram.com/uploads/imgs/MCD-Level-1-JPN V15.95/img_264.jpg""> Scatter_Gather の実行では、flow1 ルートは 10 秒後に完了し、flow2 ルートは 20 秒後に完了します。 Scatter_Gather が完了するまでに何秒かかりますか?",A. 20 | B. 10 | C. 30 | D. 0,A,Scatter-Gatherは並列実行して全ルートが完了するまで待機します。flow1が10秒、flow2が20秒の場合、最長の20秒後に完了します。,https://www.freecram.com/MuleSoft-certification/MCD-Level-1-JPN-exam-questions.html?p=33
,164,"展示品をご参照ください。 <img src=""https://www.freecram.com/uploads/imgs/MCD-Level-1-JPN V15.95/img_553.jpg""> メインフローの最後に切り替えられるペイロードと数量は何ですか?","A. [[順序 1、順序 2、順序 3、順序 4]、14] | B. [[1,2,3,4], 14] | C. [[1,2,3,4], 10] | D. [orderlorder2order3order4, 14]",B,"For Eachと変数を使った処理で、各反復でSet Payloadとカウンターが設定される場合、最終的なペイロードは配列[[1,2,3,4]]になりカウンターは14になります。",https://www.freecram.com/MuleSoft-certification/MCD-Level-1-JPN-exam-questions.html?p=33
,165,"展示を参照してください。文字列の入力配列はバッチ ジョブに渡されますが、フィルタリングや集計は行われません。Logger コンポーネントによってログに記録されるペイロードは何ですか? <img src=""https://www.freecram.com/uploads/imgs/MCD-Level-1-JPN V15.95/img_161.jpg"">","A. 処理されたレコードの概要レポート | B. [ ""Apptel2""、""Bananal2"" ] | C. [ ""リンゴ""、""バナナ"" ] | D. [ ""アプテル""、""バナナル""、2 ]",A,バッチジョブのOn Completeフェーズのペイロードは処理の概要統計（サマリーレポート）です。実際のレコードデータではなく処理結果の統計情報が含まれます。,https://www.freecram.com/MuleSoft-certification/MCD-Level-1-JPN-exam-questions.html?p=26
,166,"展示品をご参照ください。 <img src=""https://www.freecram.com/uploads/imgs/MCD-Level-1-JPN V15.95/img_508.jpg""> Choice ルーターの 3 つの条件はすべて true です。アプリケーションログにはどのようなメッセージが書き込まれますか?",A. ルート1 | B. ルート2 | C. ルート1、ルート2 | D. ルート 1、ルート 2、デフォルト,A,Choiceルーターは最初に真となる条件のルートのみを実行します。3条件すべてが真でも、最初のRoute1のみが実行されます。,https://www.freecram.com/MuleSoft-certification/MCD-Level-1-JPN-exam-questions.html?p=34
,167,APIkit は RAML 仕様から生成するフローの数をどのように決定しますか?,A. リソースごとに個別のフローを作成します | B. HTTP メソッドごとに個別のフローを作成します。 | C. 応答ステータスコードごとに別のフローを作成します | D. 子リソースを含むリソースごとに個別のフローを作成します。,B,APIkitはRAML仕様に定義されたHTTPメソッドとリソースの組み合わせごとに個別のフローを生成します。例：GET /orders、POST /ordersそれぞれに1つのフローが生成されます。,https://www.freecram.com/MuleSoft-certification/MCD-Level-1-JPN-exam-questions.html?p=34
,168,HTTP リクエスト操作を使用して、クエリ パラメータはアウトバウンド REST リクエストにどのように動的に渡されますか?,A. HTTP リクエスト操作のクエリパラメータとして | B. HTTP リクエスト操作の URI パラメータとして | C. Mule イベントのペイロード内 | D. フロー変数として,A,HTTPリクエスト操作でクエリパラメータを動的に渡すには、HTTP Requestオペレーションのクエリパラメータセクションで設定します。DataWeave式で動的な値を指定できます。,https://www.freecram.com/MuleSoft-certification/MCD-Level-1-JPN-exam-questions.html?p=34
,169,SOAP サービスとして実装された Web サービスを呼び出すためのインターフェイス コントラクトを定義するために使用されるファイル,A. RAML | B. WSDL | C. JSON | D. OAS,B,SOAPサービスのインターフェイスコントラクトはWSDL（Web Services Description Language）ファイルで定義されます。RAMLはREST API用、OASはOpenAPI仕様です。,https://www.freecram.com/MuleSoft-certification/MCD-Level-1-JPN-exam-questions.html?p=34
,170,"展示を参照してください。 <img src=""https://www.freecram.com/uploads/imgs/MCD-Level-1-JPN V15.95/img_166.jpg""> Mule アプリケーションのコネクタは、config.yaml ファイルに値が設定されているプロパティ プレースホルダを使用して設定されています。 config.yaml ファイルの値をプロパティ プレースホルダにリンクするには、Mule アプリケーションに何を追加する必要がありますか?",A. pom xml ファイル内の依存関係要素 | B. mule-artifact json ファイル内のプロパティファイルのキーと値のペア | C. acrne-app XML ファイル内の file-config 要素 | D. acme-app XML ファイル内のconfiguration-properties要素,D,config.yamlのプロパティ値をMuleアプリケーションで使用するには、XMLファイルにconfiguration-properties要素を追加してYAMLファイルのパスを指定する必要があります。,https://www.freecram.com/MuleSoft-certification/MCD-Level-1-JPN-exam-questions.html?p=34
,171,Mule プロジェクトには、formatString という名前の関数を定義する MyModule.dwl という DataWeave モジュールが含まれています。モジュールはプロジェクトの src/main/resources/modules フォルダーにあります。DataWeave コードでワイルドカードを使用して MyModule をインポートし、モジュールの formatString 関数を呼び出す正しい方法は何ですか?,A.  | B.  | C.  | D. ,C,DataWeaveモジュールをインポートしてワイルドカードで全関数をインポートするには、import * from modules::MyModule構文を使います。その後、formatString()のようにモジュール名なしで関数を呼び出せます。,https://www.freecram.com/MuleSoft-certification/MCD-Level-1-JPN-exam-questions.html?p=35
,172,"展示品をご参照ください。Mule アプリケーションはグローバル エラー ハンドラを定義しません。 Web クライアントは、この入力ペイロードを使用して POST リクエストを Mule アプリケーションに送信します。ファイル書き込み操作では、FILE: CONNECTIVITY エラーがスローされます。 Web クライアントにはどのような応答メッセージが返されますか? <img src=""https://www.freecram.com/uploads/imgs/MCD-Level-1-JPN V15.95/img_512.jpg"">","A. ""ファイル: CONNECTMTV | B. 「その他のエラー」 | C. ""ファイルが書き込まれました"" | D. ""注文: 作成されませんでした""",D,グローバルエラーハンドラーがない場合にFILE:CONNECTIVITYエラーが発生すると、エラーハンドラーに定義されたカスタムメッセージが返されます。選択肢Dは注文: 作成されませんでしたがエラーハンドラーの出力として返されます。,https://www.freecram.com/MuleSoft-certification/MCD-Level-1-JPN-exam-questions.html?p=35
,173,"展示品をご参照ください。Mule アプリケーションはグローバル エラー ハンドラ要素を定義しません。Web クライアントは HTTP リスナーに GET リクエストを送信します。Web クライアントにはどのような応答メッセージが返されますか? <img src=""https://www.freecram.com/uploads/imgs/MCD-Level-1-JPN V15.95/img_580.jpg"">","A. -... | B. ""Start"" | C. ""Siring is not blank"" | D. ""End""",C,グローバルエラーハンドラーなしで、ValidationコンポーネントのSTRING_IS_NOT_BLANKチェックを通過した場合（文字列が空でない場合）、フローが続行して「String is not blank」レスポンスが返されます。,https://www.freecram.com/MuleSoft-certification/MCD-Level-1-JPN-exam-questions.html?p=27
