duplicate,#,question,choices,answer,explanation,source
,1,Universal Containers のサポート マネージャーは、コールセンターごとの最初の通話解決に関する毎月の履歴指標を確認したいと考えています。コンサルタントはどの分析ソリューションを推奨すべきですか?,A. コールセンターごとにグループ化されたケースレポート | B. コールセンターごとにグループ化されたケース履歴レポート | C. コールセンターごとにグループ化された動的ダッシュボード,C,動的ダッシュボード（Dynamic Dashboard）はコールセンターごとにビューをパーソナライズでき、月次の履歴データに基づいてFCRを視覚化するのに最適です。ケースレポートは単純な件数集計、ケース履歴レポートはフィールド変更履歴を追うものであり、月次FCR指標の確認には動的ダッシュボードが推奨されます。,https://www.freecram.com/Salesforce-certification/Service-Cloud-Consultant-JPN-exam-questions.html?p=1
,2,Cloud Kicks (CK) は、顧客とのケースを解決するために組織内で支援を求める必要があることがよくあります。場合によっては、CK にはパートナーの関与も必要です。CK は、会話履歴を文書化しながらケースコミュニケーションに最も効果的なソリューションを求めています。要件を満たすためにコンサルタントはどの機能を推奨する必要がありますか?,A. ケース スウォーミングのサービスに Slack を使用します。 | B. 電子メールのクイック アクションを送信して関係者にループインします。 | C. 子ケースを使用してパートナーとやり取りします。,A,Case Swarming（ケーススウォーミング）はSlackを活用して社内外の専門家をケースに招集し、会話履歴を一元管理しながら協力してケースを解決する機能です。パートナーを含む全関係者との会話履歴を文書化できるため、子ケースやメールよりも効率的です。,https://www.freecram.com/Salesforce-certification/Service-Cloud-Consultant-JPN-exam-questions.html?p=1
,3,Universal Containers の顧客は、複雑な製品の問題についてライブ サポート エージェントに相談することを好みます。その結果、大量の電話がかかり、保留時間が長いという顧客の不満が生じます。問題に対処するためにコンサルタントはどの機能を推奨する必要がありますか?,A. 埋め込みチャット ウィンドウ | B. 連絡先リクエスト | C. Web-to-ケース,A,埋め込みチャットウィンドウ（Embedded Chat Window）を導入すると、エージェントが複数の顧客と同時にチャット対応できるため、電話量を削減し保留時間を短縮できます。顧客はライブエージェントとリアルタイムで会話できるため、電話の代替チャネルとして機能します。,https://www.freecram.com/Salesforce-certification/Service-Cloud-Consultant-JPN-exam-questions.html?p=1
,4,Cloud Kicks は、コンタクト センターの顧客が Agentforce サービス エージェントを使用してケースにアクセスし、変更する際にセキュリティを確保したいと考えています。AI エージェントにこのセキュリティ オプションを実装する場合、Service Cloud コンサルタントは何を推奨すべきでしょうか?,A. 顧客を確認するためのカスタム アクションを使用してケース管理トピックを実装します。 | B. 正確な指示とカスタム アクションを使用してケース管理トピックを実装します。 | C. ケース管理トピックのフィルターを使用して、サービス顧客検証トピックを実装します。,C,Agentforceでケースへのアクセスセキュリティを実装するには、「ケース管理トピックにフィルターを設定してService Customer Verificationトピックと組み合わせる」方法が正しいです。未認証ユーザーが保護されたトピックにアクセスしようとすると、自動的に顧客確認トピックが起動します。,https://www.freecram.com/Salesforce-certification/Service-Cloud-Consultant-JPN-exam-questions.html?p=1
,5,Universal Containers (UC) カスタマー サポート組織は、コールセンターに Knowledge-Centered Support (KCS) を導入しました。ただし、コールセンター管理者は、エージェントが新しいナレッジ記事をより頻繁に提供する必要があると考えています。この状況に対処するために UC は何をすべきでしょうか?,A. 承認のために送信された新しい記事の数に基づいてエージェントを測定し、報酬を与えます。 | B. 出版が承認された新しい記事の数に基づいてエージェントを評価し、報酬を与えます。 | C. エージェントは、新しい推奨記事を送信するときにケースのチェックボックスをオンにする必要があります。,B,KCSのベストプラクティスでは、承認・公開された記事の数に基づいてエージェントを評価・報酬することが推奨されます。単に提出数を指標にすると低品質記事の量産につながるため、公開承認された記事数を基準とすることで品質も担保されます。,https://www.freecram.com/Salesforce-certification/Service-Cloud-Consultant-JPN-exam-questions.html?p=1
,6,Service Cloudコンサルタントが通信業界のクライアントと協業しています。クライアントは、新しいケース自動化とAgentforce Service Agentの導入により、初回コンタクトでの解決率を30%向上させることを目指しています。クライアントは、これらの変更によって顧客満足度が向上することを期待していますが、導入の容易さとシステムの複雑さを懸念しています。懸念事項を管理し、期待を一致させるために、コンサルタントはまず何をすべきでしょうか?,A. 自動化されたケース ルーティング ルールとエスカレーション パスを含む詳細な Agentforce サービス エージェント構成計画を作成し、IT チームと共に技術要件を検証します。 | B. 主要な関係者を早期に関与させながら、技術的な課題、ユーザー導入の障壁、既存のワークフローへの影響に焦点を当てたリスク登録を実施します。 | C. すべての技術要件が確定するまでプロジェクトを延期し、その後、ユーザーの採用に向けた包括的な変更管理戦略を作成することを推奨します。,B,プロジェクト開始時はまずリスク登録（Risk Assessment）を実施し、技術的課題・ユーザー採用の障壁・既存ワークフローへの影響を特定することが重要です。主要ステークホルダーを早期に巻き込むことで、期待値の調整と懸念事項の管理が可能になります。,https://www.freecram.com/Salesforce-certification/Service-Cloud-Consultant-JPN-exam-questions.html?p=2
,7,Universal Containers は、通話ベースの応答システムを実装しています。電話の待ち時間が長くなりすぎ、顧客サービスに影響が出ています。経営者は、顧客の待ち時間を短縮し、エージェントが一度により多くの問い合わせを処理できるようにする方法を見つけたいと考えています。コンサルタントはどの機能を推奨する必要がありますか?,A. ケース自動応答ルール | B. オムニスタジオ | C. Salesforce チャット,C,Salesforce Chat（ライブチャット）を実装すると、エージェントが複数の顧客と同時にチャット対応できるため、電話の待ち時間を削減し、一度に多くの問い合わせを処理できます。電話一本対応から複数同時対応へのシフトが実現します。,https://www.freecram.com/Salesforce-certification/Service-Cloud-Consultant-JPN-exam-questions.html?p=2
,8,Universal Containers は、WhatsApp を使用してサービス コンソールで顧客にサポートを提供しています。エージェントは送信された PDF をプレビューしたいと考えていますチャットウィンドウから顧客によって。コンサルタントは何を推奨すべきでしょうか?,A. PDF を電子メールで送信するよう顧客に依頼します。 | B. チャットでファイル プレビューを使用します。 | C. チャットから PDF をダウンロードします。,B,WhatsAppでPDFなどのファイルをやり取りする際は、チャットのファイルプレビュー機能を使用します。エージェントはチャット画面内でファイルをプレビューし、顧客に共有できます。顧客にメールを別途送らせる必要はありません。,https://www.freecram.com/Salesforce-certification/Service-Cloud-Consultant-JPN-exam-questions.html?p=2
,9,Universal Containers は、ワークフローの効率を高め、顧客サポートを向上させるために Service Cloud を実装しています。Service Cloud を設定する際、コンサルタントは、サービスエージェントがケースを表示するときに適切な顧客情報にアクセスできるようにするために、どうすればよいでしょうか。,A. 数式を使用して、連絡先レコードからケースにフィールドを取得します。 | B. フローを使用して、連絡先レコードからケースに値をコピーします。 | C. ケースレコードの Lightning ページでクロスオブジェクト フィールドを公開します。,C,ケースレコードに連絡先レコードのフィールドを表示するには、Lightningページ上でクロスオブジェクトフィールドを公開します。数式フィールドはデータのコピーを作成し同期の問題が生じ、フローはトリガー時のみ値をコピーしますが、クロスオブジェクト表示は常に最新の連絡先データを参照できます。,https://www.freecram.com/Salesforce-certification/Service-Cloud-Consultant-JPN-exam-questions.html?p=2
,10,Universal Containersは、Agentforce for Serviceの新機能をいくつか実装したいと考えています。Service Cloudコンサルタントは、以下のビジネス要件を検討し、カスタムトピックとアクションではなく、標準トピックを使用することで実現可能な要件を特定する必要があります。すぐに使用できる AI エージェントがトピックを変更せずに対応できるユースケースはどれですか?,A. 破損した輸送コンテナに対する保証請求の手続きと現地検査のスケジュール設定について顧客をガイドします。 | B. 顧客が複数の配送センターにわたる特定のコンテナ モデルの在庫レベルをリアルタイムで確認できるようにします。 | C. 保険ポリシーに関する質問に答え、新しい問題が発生した場合に顧客が新しいサポート チケットを開くことができるようにします。,C,Agentforce for Serviceの新機能テストには、まずサンドボックスで十分な検証を行い、その後段階的に本番展開するアプローチが重要です。保険ポリシーに関する質問への回答と新しいサポートチケット作成のガイドは、AIエージェントが安定して処理できる典型的なユースケースです。,https://www.freecram.com/Salesforce-certification/Service-Cloud-Consultant-JPN-exam-questions.html?p=2
,11,Cloud Kicks は、大規模なサービス エージェント向けに Service Console を起動する準備をしています。パイロット グループのユーザーからのフィードバックでは、タブの変更、レコードの保存、検索など、コンソールをすばやく操作する方法が必要であることが明らかになりました。生産性を向上させるために推奨される機能は何ですか?,A. キーボード ショートカット | B. クイックテキスト | C. カスタム マクロ,A,大規模なサービスエージェント向けにService Consoleを設定するには、アクションと推奨事項コンポーネント（Actions & Recommendations）を活用してフローを起動し、エージェントを業務プロセスに沿ってガイドするのが最も効果的です。,https://www.freecram.com/Salesforce-certification/Service-Cloud-Consultant-JPN-exam-questions.html?p=3
,12,Cloud Kicksは、レポート構築のためにService Cloudコンサルタントを雇用しました。コンサルタントは、追跡用に項目履歴が設定されているケースとソリューションの標準項目とカスタム項目の履歴を追跡するためのケース履歴レポートを作成しました。このレポートタイプを扱う際にコンサルタントはどのような点に留意すべきでしょうか?,A. データ型と新しい値のフィールドは表示のみ可能です。 | B. ユーザーおよび新しい値フィールドは表示のみ可能です。 | C. 古い値と新しい値のフィールドは表示のみ可能です。,C,ケースの分類理由を分析するには、ケース理由（Case Reason）フィールドでグループ化したレポートが最適です。ケースがクローズされた理由をケース理由フィールドで追跡し、頻度の高い問題を特定してナレッジ記事やプロセス改善に役立てます。,https://www.freecram.com/Salesforce-certification/Service-Cloud-Consultant-JPN-exam-questions.html?p=3
,13,Universal Containers (UC)は、エージェントがオンボーディング エクスペリエンスのステップに関連する 10 個のオープン アクティビティを作成することを要求する新しいパートナー オンボーディング プロセスを作成しました。UC は通常、毎週 20 人の新しいパートナーを追加します。アクティビティの作成には多大な労力がかかり、完了するまでに最大 20 分かかる場合があります。エージェントがこれらのアクティビティを作成するための費用対効果の高い方法は何ですか?,A. マクロを実行します。 | B. 画面フローをナビゲートします。 | C. Einstein ケースのまとめを利用します。,A,新入エージェントのオンボーディングには、In-App Guidance（アプリ内ガイダンス）をサービスコンソール内で表示し、実際の業務画面上でステップバイステップの手順を案内するのが最も効果的です。,https://www.freecram.com/Salesforce-certification/Service-Cloud-Consultant-JPN-exam-questions.html?p=3
,14,Cloud Kicks は、電子メール、ソーシャル、チャット チャネルで顧客にサポートを提供します。管理者は、サービス エージェントの効率を向上させる方法を見つけたいと考えています。最近の調査によると、エージェントは記事の検索、記事からテキストを手動でコピーして応答に貼り付けることに多くの時間を費やしています。コンサルタントは解決策として何を推奨すべきでしょうか?,A. ユーティリティ バーにクイック テキスト オプションを設定して、記事リンクを追加します。 | B. Lightning Knowledge コンポーネントと関連リストのアクションを設定します。 | C. 記事 PDF を自動添付するように Lightning Knowledge コンポーネントを設定します。,B,メール・ソーシャル・チャットの複数チャネルからのケースを効率的に管理するには、オムニチャネル（Omni-Channel）が最適です。すべてのチャネルの作業をエージェントのキャパシティと専門分野に基づいて自動割り当てし、複数チャネルを一元管理できます。,https://www.freecram.com/Salesforce-certification/Service-Cloud-Consultant-JPN-exam-questions.html?p=3
,15,ユニバーサルコンテナーズは、サービスマネージャーがサービスチームの現状を把握するために、リアルタイムのダッシュボードを表示できるようにしたいと考えています。マネージャーは、オンラインのサービス担当者、現在のプレゼンスステータス、ログイン時間、そして主要作業と中断可能な作業の両方における稼働率を確認できる必要があります。この目的のために、Service Cloud コンサルタントはどの Omni Supervisor 要素を推奨する必要がありますか?,A. サービス担当者タブと全エージェントサブタブ | B. 実行可能なアイテムを含むウォールボードタブ | C. 割り当てられた作業タブと作業概要ビュー,A,サービスマネージャーがチームの現状をリアルタイムで把握するには、Omni Supervisor（オムニスーパーバイザー）が最適です。エージェントのプレゼンスステータス・割り当て済み作業・キューバックログをリアルタイムで監視できます。,https://www.freecram.com/Salesforce-certification/Service-Cloud-Consultant-JPN-exam-questions.html?p=3
,16,Universal Containers（UC）は、スキルベースルーティングを活用し、関連製品の専門分野に基づいてサービス担当者にケースを割り当てています。また、UCは、ケースのワークロードを均等に分散するために、サービス担当者を次のケースに自動的に割り当てることも検討しています。,A. 最もアクティブでない | B. 手動プッシュ | C. 最も利用可能な,C,スキルベースルーティングは製品専門分野などのスキルに基づいてケースを適切なエージェントに自動割り当てします。設定にはスキルの定義・サービスリソースへのスキル割り当て・ルーティング設定の有効化・スキルマッピングルールの作成が必要です。,https://www.freecram.com/Salesforce-certification/Service-Cloud-Consultant-JPN-exam-questions.html?p=4
,17,Universal Containers は、ワークフローをより効率化し、顧客サポートを向上させるために Service Cloud を導入しています。Service Cloud を設定する際、サービス エージェントが適切な顧客情報にアクセスできるようにするために重要なのはどの側面ですか?,A. 使いやすさを向上させるためのユーザー インターフェイスの最適化 | B. オブジェクトを調整して特定の顧客データを公開する | C. 顧客サービスのユーザー プロファイルの強化,A,エージェントのワークフロー効率向上には、Einstein記事推薦（Einstein Article Recommendations）が有効です。ケースの内容に基づいて関連するナレッジ記事を自動的に推薦し、エージェントの検索時間と解決時間を短縮します。,https://www.freecram.com/Salesforce-certification/Service-Cloud-Consultant-JPN-exam-questions.html?p=4
,18,Cloud Kicksのサポート担当者は、3種類の異なる顧客の問題に対応しています。サポート担当者の離職率が高いため、現場には経験の浅い担当者が多くいます。経営陣は、すべての担当者がユーザーフレンドリーなインターフェースで特定の問題に関連する情報を収集し、Einstein Next Best Actionが表示されるようにしたいと考えています。ベストプラクティスに従って、管理者はこれらの要件を満たすために Service Cloud をどのように構成する必要がありますか?,A. アクションと推奨事項コンポーネントを使用してフローを起動します。 | B. レコードタイプごとに Lightning レコード ページを作成します。 | C. ページレイアウト、レコードタイプ、サポートプロセスを定義します。,A,3種類の異なる顧客問題に対応する経験の浅いエージェント向けには、アクションと推奨事項コンポーネント（Actions & Recommendations）を使ってフローを起動し、問題の種類に応じたステップバイステップガイドを提供するのが最も効果的です。,https://www.freecram.com/Salesforce-certification/Service-Cloud-Consultant-JPN-exam-questions.html?p=4
,19,Cloud Kicks のマネージャーは、多くの場合、リスト ビューを使用して、一度に最大 75 件のケースの [ケース タイプ] フィールドを更新する必要があります。コンサルタントはどの Service Console 生産性ツールを推奨する必要がありますか?,A. それぞれのケースでマクロを実行します。 | B. 一括クイック アクションを使用します。 | C. キーボード ショートカットを使用します。,B,リストビューで最大75件のケースの「ケースタイプ」フィールドを一度に更新するには、一括クイックアクション（Mass Quick Action）を使用します。複数レコードを選択して一括更新でき、個別のマクロ実行やキーボードショートカットより効率的です。,https://www.freecram.com/Salesforce-certification/Service-Cloud-Consultant-JPN-exam-questions.html?p=4
,20,標準のケース管理機能を使用して顧客のメールに添付できる Salesforce リソースはどれですか?,A. Einstein によって提案されたナレッジ記事 | B. ケースの権利付与に向けた今後のマイルストーン | C. ケースに関する内部 Chatter 投稿,A,標準のケース管理機能で顧客へのメールに添付できるSalesforceリソースはナレッジ記事です。ケース対応のメール送信時に関連ナレッジ記事をPDFまたはリンクとして添付して顧客に提供できます。,https://www.freecram.com/Salesforce-certification/Service-Cloud-Consultant-JPN-exam-questions.html?p=4
,21,Universal Containers (UC) は、UC のサポート サービスを調整する必要があるかどうかを判断するために、サービス契約を結んでいる特定の資格を持つ顧客の数を報告したいと考えています。コンサルタントはどの機能を推奨する必要がありますか?,A. 結合レポートを作成します。 | B. ダッシュボードを構築します。 | C. カスタム レポート タイプを作成します。,C,UCのサービスを調整するパートナーには、Experience Cloud（パートナーポータル）を通じてケース情報へのアクセスを提供します。パートナーはポータルでケースの確認・更新・コラボレーションができます。,https://www.freecram.com/Salesforce-certification/Service-Cloud-Consultant-JPN-exam-questions.html?p=5
,22,Cloud Kicks は、カスタマー サービス チーム向けに堅牢な Service Cloud を実装しています。ソフトウェア エンジニアリング チームは、Salesforce 内でプロジェクトを追跡したいと考えています。コンサルタントはどのソリューションを推奨すべきですか?,A. 新しいケース レコード タイプを作成します。 | B. フィード追跡を有効にします。 | C. AppExchange アプリをインストールします。,C,堅牢なService Cloud実装には、エンタイトルメント（Entitlements）とマイルストーン（Milestones）でSLAを管理し、顧客ごとのサービスレベルと各対応段階の期限を確実に遵守する仕組みが必要です。,https://www.freecram.com/Salesforce-certification/Service-Cloud-Consultant-JPN-exam-questions.html?p=5
,23,Universal Containers のサポート エージェントは、さまざまな方法で顧客の連絡先情報を入力しています。経営陣は、顧客の連絡先情報が重複して入力される可能性が高いことを懸念しています。重複レコードの作成を防ぐためにコンサルタントは何を推奨すべきですか?,A. 重複管理を構成してアクティブ化します。 | B. 「すべてのデータの表示」を許可し、検索するように指示します。 | C. Contact の Apex トリガを実装します。,A,エージェントが顧客連絡先情報を素早く確認するには、ケースページに連絡先詳細コンポーネントを追加し、関連する連絡先・取引先情報を直接表示します。,https://www.freecram.com/Salesforce-certification/Service-Cloud-Consultant-JPN-exam-questions.html?p=5
,24,Cloud Kicks は、顧客とのエージェントのメッセージング セッションにかかる時間を削減し、品質を向上させるために、Service Cloud の実装を計画しています。経営陣および顧客サービスチームとの協議の後、コンサルタントは、標準の Einstein for Service 機能を設定することで最小限の労力で最大のメリットが得られるのは、標準応答を自動化することであると判断しました。この要件を最も効果的に満たす機能はどれですか?,A. Einstein 返信の推奨事項 | B. Einstein 記事の推奨事項 | C. Einstein ケースのまとめ,A,エージェントがメッセージングセッションの時間を削減するには、クイックテキスト（Quick Text）機能を活用して定型文を素早く入力します。よく使う返答文を保存しておき、数文字入力するだけで展開できます。,https://www.freecram.com/Salesforce-certification/Service-Cloud-Consultant-JPN-exam-questions.html?p=5
,25,Universal Containers は、顧客アカウントを共有し、ケースのステータスを送信および追跡し、レポートやダッシュボードを表示できる安全なポータルを再販業者に提供したいと考えています。コンサルタントはどのソリューションを推奨すべきでしょうか?,A. 従業員コミュニティ | B. パートナー エクスペリエンス サイト | C. カスタマー エクスペリエンス サイト,B,顧客がアカウント情報を共有しケースのステータスを確認・送信できるようにするには、Experience Cloud（コミュニティ）のカスタマーポータルが最適です。顧客は自分のケース情報を管理できます。,https://www.freecram.com/Salesforce-certification/Service-Cloud-Consultant-JPN-exam-questions.html?p=5
,26,Universal Containers (UC) は、関連する製品の専門分野に基づいてエージェントにケースを割り当てることで、ケース管理を改善したいと考えています。UC はまた、ケースの作業負荷を均等に分散するために、エージェントを次のケースに自動的に割り当てたいと考えています。要件を満たすオムニチャネル機能はどれですか?,A. 最も利用可能なルーティング モデルを使用します。 | B. クローズされたほとんどのケースのレポートを使用します。 | C. エージェントのプレゼンス ステータスを使用します。,A,製品専門知識に基づくエージェントへのケースルーティングには、スキルベースルーティング（Skills-Based Routing）が最適です。エージェントのスキルプロファイルと受信ケースの製品要件を照合して自動的に割り当てます。,https://www.freecram.com/Salesforce-certification/Service-Cloud-Consultant-JPN-exam-questions.html?p=6
,27,Universal Containers (UC) の顧客サポート チームは、最近、ケース解決時間が大幅に増加していることに気づきました。UC は、Einstein for Service を使用して、エージェントが関連情報をより迅速に見つけられるようにしたいと考えています。コンサルタントはどの機能を推奨する必要がありますか?,A. Einstein ボット 27: B が正解です | B. Einstein 記事の推奨事項 | C. Einstein 返信の推奨事項,B,ケース解決時間が増加した原因分析には、ナレッジ記事の利用状況や品質を分析するレポートが有効です。記事のビュー数・添付数・エージェントの利用パターンを確認し、ナレッジベースの改善点を特定します。,https://www.freecram.com/Salesforce-certification/Service-Cloud-Consultant-JPN-exam-questions.html?p=6
,28,Universal Containers (UC) は、アジャイル手法を使用して Service Cloud を実装したいと考えています。コンサルタントは導入を成功させるためにどのように推奨すべきでしょうか?,A. プロジェクト チームから継続的にフィードバックを生成し、それに応じて要件と成果物を調整します。 | B. UC 幹部とすべての要件を作成し、プロジェクトのスケジュールを作成します。 | C. すべてのプロジェクト要件を一度に完了し、完全なソリューションを提供します。,A,アジャイル手法でのService Cloud実装では、スコープを細分化してスプリントごとに最小限の機能セットを本番展開し、迅速なフィードバックサイクルで継続的に改善するアプローチが推奨されます。,https://www.freecram.com/Salesforce-certification/Service-Cloud-Consultant-JPN-exam-questions.html?p=6
,29,Universal Containersは、サンドボックス環境内で重要なオブジェクトと項目へのアクセスを制御する複数の権限セットを開発・テストしました。Service Cloudコンサルタントは、Salesforce導入のベストプラクティスを遵守し、変更のトレーサビリティを維持しながら、これらの権限セットを本番環境に移行したいと考えています。,A. Workbench 経由で Salesforce メタデータ API を使用して、権限セットを展開します。 | B. 送信変更セットを使用して、サンドボックスから本番環境への権限セットを展開します。 | C. 正確性を確保するために、本番環境で権限セットを直接手動で再作成します。,B,サンドボックスで開発・テストした権限セットを本番環境に展開するには、送信変更セット（Outbound Change Set）を使用するのが標準的な方法です。手動再作成はミスが生じやすく、Workbench/Metadata APIは上級者向けの手法です。,https://www.freecram.com/Salesforce-certification/Service-Cloud-Consultant-JPN-exam-questions.html?p=6
,30,ユニバーサルコンテナーズは最近、顧客がオンラインでケースを作成・更新できるように、Experience Cloudサイトを実装しました。顧客は、サポートチームが代理で作成したケースを含め、自分が連絡先として登録されているケースにのみアクセスできるようになります。,A. Experience Cloud サイトのユーザーロール階層に基づいてレコードアクセスを許可する共有ルール。 | B. Experience Cloud サイトのユーザーに、連絡先レコードに関連付けられたレコードへのアクセス権を付与するための共有セット。 | C. ケース オブジェクトに対する組織全体のデフォルトの公開読み取り/書き込み。,B,Experience CloudでのケースポータルはWeb-to-Caseではなく、顧客が直接Salesforceにログインしてケースを作成・更新できるカスタマーコミュニティポータルの設定が必要です。,https://www.freecram.com/Salesforce-certification/Service-Cloud-Consultant-JPN-exam-questions.html?p=6
,31,Cloud Kicks は、ケース管理システムを Salesforce に変更します。過去 5 年間のすべてのアクティブな取引先、取引先責任者、クローズされたケースは、本番稼働のために Salesforce に移行する必要があります。コンサルタントはデータ移行にどのアプローチを使用する必要がありますか?,A. 準備、計画、テスト、検証、実行 | B. 計画、準備、実行、テスト、検証 | C. 計画、準備、テスト、実行、検証,C,過去5年間の大量ケースデータを移行するには、データローダー（Data Loader）を使用して一括インポートを行います。標準インポートウィザードは件数制限があり、大量の履歴データには対応できません。,https://www.freecram.com/Salesforce-certification/Service-Cloud-Consultant-JPN-exam-questions.html?p=7
,32,Universal Containers (UC) は、コンタクト センター ユーザーの生産性を向上させるためのいくつかの新機能をリリースします。ワークフローを中断せずにコンタクト センター ユーザーに新機能を発表するには、UC はどの通信チャネルを使用する必要がありますか?,A. 社内リリースウェビナー | B. アプリ内ガイダンス | C. メール,B,コンタクトセンターユーザーの生産性向上には、マクロ（Macros）機能が有効です。頻繁に繰り返す操作（メール送信・ステータス更新など）をマクロとして保存し、ワンクリックで実行できます。,https://www.freecram.com/Salesforce-certification/Service-Cloud-Consultant-JPN-exam-questions.html?p=7
,33,Cloud Kicks（CK）は、Salesforce Messagingを通じて顧客をサポートしています。サービスエージェントから、顧客が暴言を吐いた事例が複数報告されています。CKは、暴言を吐く顧客が今後メッセージングセッションを開始できないようにする方法を探しています。,A. IP ブロック ルールを作成します。 | B. オムニフローを生成する。 | C. レコードトリガーフローを作成します。,C,Salesforce Messagingで顧客が暴言を吐いた場合などの問題に対応するには、レコードトリガーフロー（Record-Triggered Flow）を作成し、特定のキーワードや条件を検出して自動的にケースのエスカレーションや通知を行います。,https://www.freecram.com/Salesforce-certification/Service-Cloud-Consultant-JPN-exam-questions.html?p=7
,34,Universal Containers (UC) は最近、メキシコとカナダへの販売を拡大しました。UC は、オムニチャネルが、顧客の希望する言語を話し、問題を解決するための正しい知識を持つエージェントにケースをルーティングすることを望んでいます。要件を満たすためにコンサルタントはどのソリューションを推奨する必要がありますか?,A. オムニチャネル スキルベースのルーティングを構成します。 | B. ケース割り当てルールとオムニチャネル スーパーバイザーを構成します。 | C. オムニチャネルのキューベースのルーティングを構成します。,A,メキシコとカナダへの販売拡大に伴う多言語対応には、翻訳ワークベンチ（Translation Workbench）を使用してSalesforceのUIラベル・カスタムフィールド・ピックリスト値を各国語に翻訳します。,https://www.freecram.com/Salesforce-certification/Service-Cloud-Consultant-JPN-exam-questions.html?p=7
,35,Universal Containers は最近チャットを導入し、顧客とのチャット中にエージェントが適切な答えを見つける能力を向上させる方法に関する推奨事項を探しています。この要件を満たすためにコンサルタントは何を推奨すべきでしょうか?,A. Einstein 返信の推奨事項 | B. Einstein 記事の推奨事項 | C. アクションと推奨事項コンポーネント,B,チャット中にエージェントが顧客情報を事前に確認するには、チャット前フォーム（Pre-Chat Form）で顧客情報を収集し、チャット開始時にスクリーンポップで自動表示します。エージェントは顧客が誰かを事前に把握した状態で対話を開始できます。,https://www.freecram.com/Salesforce-certification/Service-Cloud-Consultant-JPN-exam-questions.html?p=7
,36,ユニバーサルコンテナーズ（UC）はナレッジセンターサポート（KCS）を導入しました。特定の記事タイプとカテゴリには承認が必要です。ページレイアウトには「記事を公開」ボタンと「承認申請」ボタンの両方が用意されています。しかし、エージェントが特定の記事タイプの承認申請を忘れてしまうケースがあります。UCは承認プロセスの自動化を考えています。要件を満たすためにコンサルタントは何を推奨すべきでしょうか?,A. レコードトリガーフローを使用して、記事の承認がいつ必要になるかを決定します。 | B. レコードトリガーフローを使用して、すべての記事を承認のために送信します。 | C. スケジュールされたアクションを使用して、記事の承認がいつ必要かを決定します。,B,KCSで特定の記事タイプとカテゴリに承認が必要な場合、レコードトリガーフローを使用してすべての記事を承認のために自動送信するのが効率的です。ページレイアウトに「承認申請」ボタンが表示されている場合でも、フローで自動化することでヒューマンエラーを防げます。,https://www.freecram.com/Salesforce-certification/Service-Cloud-Consultant-JPN-exam-questions.html?p=8
,37,サービスエージェントからは、Lightning サービスコンソールが混雑しすぎて、必要な情報を見つけるのが困難になっているとの報告がありました。コンサルタントは、エージェントのコンソールの使用状況を確認した結果、設定されているすべての機能が必要であると判断しました。このシナリオを考慮すると、コンサルタントはコンソール ユーザーの効率を向上させるためにどのソリューションを提案すべきでしょうか?,A. キーボード ショートカットをトレーニングします。 | B. マクロを準備します。 | C. 複数のコンソール レイアウトを作成します。,C,Lightningサービスコンソールが混雑している場合、コンソールレイアウトを最適化し不要なコンポーネントを削除してパーソナライズされたレイアウトを設定するのが最も効果的です。エージェントが必要な情報に素早くアクセスできるよう整理します。,https://www.freecram.com/Salesforce-certification/Service-Cloud-Consultant-JPN-exam-questions.html?p=8
,38,顧客が送信したケースは、Universal Containers のサービス デスク エージェントに転送されます。エージェントがケースに応答した後、顧客がサポートを受ける資格がないことに気づきました。今後このシナリオが起こらないようにするために、コンサルタントはどのソリューションを推奨する必要がありますか?,A. ケースのエンタイトルメント関連リストをケース Lightning レコード ページに追加します。 | B. 関連する連絡先の資格関連リストをケース Lightning レコード ページに追加します。 | C. 関連するアカウントの資格関連リストをケース Lightning レコード ページに追加します。,B,エージェントがケース対応後に顧客がサポートを受ける資格がないことを確認できるようにするには、関連する連絡先のエンタイトルメント関連リストをケースLightningレコードページに追加します。これにより、ケース画面から直接連絡先のエンタイトルメント（資格）を確認できます。,https://www.freecram.com/Salesforce-certification/Service-Cloud-Consultant-JPN-exam-questions.html?p=8
,39,Universal Containers (UC) は顧客とのサービス レベル アグリーメント (SLA) を結んでおり、エージェントがケースの作成後 2 時間以内に受信ケースの所有権を取得し、対応することを義務付けています。UC が SLA を満たすのに役立つベスト プラクティスはどれですか?,A. ケースをキューに割り当て、エスカレーション ルールを使用して、エージェントに割り当てられていないケースを 1 時間以内にエスカレーションします。 | B. 1 時間以内にケースがどのエージェントにも割り当てられていない場合は、Flow Builder を使用してキューのすべてのメンバーにタスクを割り当てます。 | C. ケース自動応答ルールを使用して、ケース作成後 1 時間以内にサポート マネージャーに電子メールを送信します。,A,顧客とのSLAを定義・追跡するには、エンタイトルメント（Entitlements）とマイルストーン（Milestones）を設定します。エンタイトルメントは顧客ごとのサービスレベルを定義し、マイルストーンはSLA達成の各段階の期限を追跡します。,https://www.freecram.com/Salesforce-certification/Service-Cloud-Consultant-JPN-exam-questions.html?p=8
,40,Universal Containers は、顧客が構造化データを使用してケースを記録し、緊急度と製品ラインに基づいてルーティングできるようにしたいと考えています。コンサルタントはこれをどのように達成すべきでしょうか?,A. 割り当てルールを備えた標準の Web-to-ケース | B. 優先キューを備えたオムニチャネル | C. 割り当てルールを含む標準メール-toケース,A,構造化データを使って顧客が緊急度と製品を指定してケースを記録するには、Web-to-Case（Webケース）が最適です。カスタマイズ可能なWebフォームで必要な構造化フィールドを収集し、ルールに基づいて自動的にルーティングできます。,https://www.freecram.com/Salesforce-certification/Service-Cloud-Consultant-JPN-exam-questions.html?p=8
,41,Universal Containers では、サポートは製品ラインごとに分かれています。各製品ラインには、独自のサポート担当者、キュー、記事、およびレコード タイプがあります。サポート担当者は自社の製品ライン内でのみ業務を行います。顧客とのコミュニケーションを標準化するために、サポート管理者はクイック テキストを実装したいと考えています。クイック テキストは各製品ラインに固有です。管理者は、サポート担当者が特定の製品ラインのクイック テキストにのみアクセスできるようにするにはどうすればよいでしょうか?,A. 製品ラインごとにフォルダーを作成し、パブリック グループと共有します。 | B. 組織全体のデフォルトをプライベートに設定し、共有ルールを作成してロールと共有します。 | C. 適切な製品ラインへの読み取りアクセスの権限セットを追加します。,A,製品ラインごとにサポートが分かれている場合、製品別のキュー（Queue）とケース割り当てルールを組み合わせてケースを適切なチームに自動ルーティングします。,https://www.freecram.com/Salesforce-certification/Service-Cloud-Consultant-JPN-exam-questions.html?p=9
,42,メトリクスは、Universal Containers が Service Cloud Voice を使用した際の通話放棄率が高いことを示しています。コンサルタントはどの戦略を推奨すべきでしょうか?,A. エスカレーション ルールを設定します。 | B. セルフサービス ナレッジを設定します。 | C. 割り当てルールとケース キューを設定します。,B,Service Cloud Voiceのメトリクスを分析するには、Omni Supervisorでリアルタイムの通話データを監視し、レポートとダッシュボードで履歴パフォーマンスデータを分析します。,https://www.freecram.com/Salesforce-certification/Service-Cloud-Consultant-JPN-exam-questions.html?p=9
,43,ユニバーサルコンテナーズは、お客様がカスタマーサポート担当者と直接コミュニケーションをとるための追加チャネルを検討しています。現在、お客様はソーシャルメディア、ウェブチャット、電話、SMSを通じてサポートチケットを発行できます。デジタルエンゲージメントに加えて、コンサルタントは要件を満たすために何を推奨すべきでしょうか?,A. AppExchange | B. メールからケースへ | C. 受信トレイ,B,顧客がカスタマーサポート担当者と直接コミュニケーションできる追加チャネルとして、ライブチャット（Live Chat / Messaging）を追加することで、電話以外のリアルタイム対話チャネルを提供できます。,https://www.freecram.com/Salesforce-certification/Service-Cloud-Consultant-JPN-exam-questions.html?p=9
,44,ユニバーサルコンテナーズ（UC）は、顧客が自社のウェブサイトからケースを提出できるようにしたいと考えています。UCは、無効なケースが大量に発生することを回避したいと考えています。要件を満たすためにコンサルタントはどのツールを使用する必要がありますか?,A. オンデマンドメールツーケース | B. Web-to-Case | C. AppExchange パッケージ,B,顧客がWebサイトからケースを提出できるようにするには、Web-to-Case機能を設定します。HTMLフォームを生成してWebサイトに埋め込み、提出されたデータが自動的にSalesforceでケースとして作成されます。,https://www.freecram.com/Salesforce-certification/Service-Cloud-Consultant-JPN-exam-questions.html?p=9
,45,Cloud Kicks のサービス センター マネージャーと IT チームは、新しい Service Cloud 実装後の費用対効果分析をコンサルタントに依頼しました。実装後のコスト削減を反映する測定方法は何ですか?,A. CSATのKPI | B. ライセンス数の削減 | C. サービス担当者のバックログの削減,C,新しいService Cloud実装の成功確認には、ユーザー受け入れテスト（UAT）を実施し、実際のエンドユーザーが要件通りに機能するか確認します。本番展開前に問題を特定・修正できます。,https://www.freecram.com/Salesforce-certification/Service-Cloud-Consultant-JPN-exam-questions.html?p=9
,46,Lightning サービス コンソールを使用して、コンタクト センター マネージャーは、現在どのサービス担当者が新しいケースを受け付けられるかをどのように確認すればよいでしょうか。,A. オムニチャネルユーティリティコンポーネント | B. オムニチャネル分析 | C. オムニチャネルスーパーバイザータブ,C,Lightningサービスコンソールで現在サービスエージェントが対応中の作業をリアルタイムに確認するには、Omni Supervisorが最適です。エージェントのオープン作業・ステータス・キャパシティをリアルタイムに監視できます。,https://www.freecram.com/Salesforce-certification/Service-Cloud-Consultant-JPN-exam-questions.html?p=10
,47,ユニバーサルコンテナーズの製品開発チームはService Cloudを使用しています。同社は最近、既存のService Cloud実装に請求サポートチームを追加しました。請求チームと製品チームのケースライフサイクルを確認したところ、以下のステータスが記録されていました。* 請求サポートチーム: 新規、審査中、進行中、ブロック済み、終了* 製品開発チーム: 新規、審査中、進行中、完了各チームに適切なケースライフサイクルを提供するために、コンサルタントは Service Cloud をどのように構成する必要がありますか?,A. 各チームのライフサイクルを視覚化するためのパス ウィジェットを作成します。 | B. 動的フォームを使用して、各チームのライフサイクルに不要なオプションを非表示にします。 | C. 各チームのライフサイクルにサポート プロセスを使用します。,C,異なるチームのライフサイクルを管理するには、チームごとにサポートプロセス（Support Process）を設定し、それぞれのチームに適したケースステータスのフローを定義します。パスウィジェットや動的フォームは表示のカスタマイズには有効ですが、ライフサイクル管理にはサポートプロセスが最適です。,https://www.freecram.com/Salesforce-certification/Service-Cloud-Consultant-JPN-exam-questions.html?p=10
,48,Universal Containers は、Lightning Knowledge 移行ツールを使用して Knowledge から Lightning Knowledge に移行していますが、記事の添付ファイルがまったく移行されていないことに気付きました。コンサルタントは添付ファイルをどのように移行できますか?,A. 各記事のファイル関連リストを使用して、ファイルを記事に追加します。 | B. Lightning Knowledge 移行ツールを使用し、「ファイルを含める」を選択します。 | C. ファイルをドキュメントとしてアップロードし、移行された記事に関連付けます。,A,Lightning Knowledge移行ツールを使用する際、Classic Knowledgeの記事タイプはLightning Knowledgeのレコードタイプにマッピングされます。移行前に記事タイプとレコードタイプの対応を計画する必要があります。,https://www.freecram.com/Salesforce-certification/Service-Cloud-Consultant-JPN-exam-questions.html?p=10
,49,ユニバーサル・コンテナーズ（UC）は、主要なユースケース、システム機能、および統合パターンを検証するため、北米のコールセンターにService Cloudを導入しています。UCのリーダーシップチームは、今後のSalesforceリリーススケジュールが実装プロジェクトの開発作業に影響を与える可能性があることを懸念しています。このシナリオでは、Service Cloud コンサルタントは UC の Salesforce 管理者に何を推奨すべきでしょうか?,A. リリースが展開される前にチームがプロジェクトを完了できるように、本番組織へのリリースを延期します。 | B. サンドボックスの更新を無効にして、チームがリリースからの更新なしでソリューションを引き続き使用できるようにします。 | C. チームがリリースによって影響を受ける機能を調整できるように、プレビュー サンドボックスでテストを実施します。,C,主要なユースケース・システム機能・統合パターンを検証するには、プロトタイプ（PoC）を作成して関係者にデモを行い、要件を確認してから本格実装に進むのが最善です。,https://www.freecram.com/Salesforce-certification/Service-Cloud-Consultant-JPN-exam-questions.html?p=10
,50,Universal Containers は、顧客が好みのモバイル アプリを介して Service Console のエージェントにメッセージを送信できるようにしたいと考えています。コンサルタントはどの機能を推奨する必要がありますか?,A. Einstein ボット | B. オムニスタジオ | C. メッセージング,C,顧客がモバイルアプリからサービスにアクセスできるようにするには、Messaging for In-App and Web（アプリ内メッセージング）を実装します。モバイルSDKを使ってアプリに組み込み、双方向メッセージングを提供できます。,https://www.freecram.com/Salesforce-certification/Service-Cloud-Consultant-JPN-exam-questions.html?p=10
,51,Cloud Kicks は最近、サポート チームの効率を高めるために双方向モバイル メッセージングを実装しました。同社は、主要業績評価指標 (KPI) を使用して実装の成功を測定します。コンサルタントは双方向モバイルメッセージングの有効性を測定するためにどの指標を使用する必要がありますか?,A. 平均処理時間 | B. 通話量の削減 | C. オープンケースの合計数,A,双方向モバイルメッセージングを導入後、エージェントが効率的に対応するには、SMSチャネルをオムニチャネルに統合し、適切なルーティングと管理を設定します。,https://www.freecram.com/Salesforce-certification/Service-Cloud-Consultant-JPN-exam-questions.html?p=11
,52,ケースがオープン状態になっている平均日数を簡単にレポートできるようにするには、コンサルタントはどのソリューションを設計する必要がありますか?,A. レポートの標準のケース年齢フィールドを使用します。 | B. レポートに数式フィールドを作成し、ケースのオープン日数を表示します。 | C. 日数を計算する数式フィールドを作成し、レポートでそのフィールドを使用します。,C,ケースがオープン状態になっている平均日数を簡単にレポートするには、ケースオブジェクトに日数を計算する数式フィールド（Formula Field）を作成し、そのフィールドをレポートで集計します。標準ケース年齢フィールドはクローズ済みケースに対応しておらず、インサイドレポートの数式は保存・再利用できません。,https://www.freecram.com/Salesforce-certification/Service-Cloud-Consultant-JPN-exam-questions.html?p=11
,53,Cloud Kicks (CK) は小さな靴会社としてスタートしました。現在、CK は成長を続けており、変化する顧客の期待に応えながら、エージェントのスキルセットと組織の成功を向上させる必要があります。コンサルタントは、CK とのハイレベルなディスカッションと計画セッションをどの順序で進めますか?,A. 組織のビジョンを収集し、プロセスをマッピングし、指標を計画し、ユーザーからのフィードバックを計画します。 | B. 組織のビジョンを収集し、プロセスをマッピングし、ユーザーからのフィードバックを計画し、指標を定義します。 | C. 組織のビジョンを収集し、適切な指標を照合し、ユーザーからのフィードバックを計画し、プロセスをマッピングします。,A,成長を続ける靴会社が拡張可能なサポート体制を構築するには、オムニチャネル・エンタイトルメント・ナレッジを組み合わせた包括的なService Cloudソリューションが必要です。,https://www.freecram.com/Salesforce-certification/Service-Cloud-Consultant-JPN-exam-questions.html?p=11
,54,Universal Containers（UC）は、複雑な顧客からの問題を頻繁に受けており、個別のフィールドでタグ付けされていない社内ナレッジ記事から情報を取得する必要が生じています。UCには、こうしたデータを処理し、正確で根拠のある回答を提供できるサービスが必要です。Service Cloud コンサルタントは何を推奨すべきでしょうか?,A. Agentforce for Service および Agentforce データ ライブラリ。 | B. Einstein ボットと記事回答機能。 | C. 複数のデータ ソースからリアルタイムでデータを取得する Apex レイヤー。,A,個別フィールドでタグ付けされていない社内ナレッジ記事から情報を取得し複雑な顧客問題を解決するには、Agentforce for ServiceとAgentforceデータライブラリを使用します。AIが非構造化ナレッジを検索して適切な回答を生成できます。,https://www.freecram.com/Salesforce-certification/Service-Cloud-Consultant-JPN-exam-questions.html?p=11
,55,新しい Service Cloud インスタンスに Salesforce Chat 機能を実装する際、コンサルタントは何を考慮する必要がありますか?,A. Experience Builder を使用してデプロイする必要があります。 | B. Einstein ボットと互換性がありません。 | C. オムニチャネル経由でルーティングされる必要があります。,C,新しいService CloudインスタンスにSalesforce Chatを実装する際は、チャットボタン・デプロイメント・ルーティング設定を行い、スキルベースルーティングを設定してエージェントへの最適な割り当てを実現します。,https://www.freecram.com/Salesforce-certification/Service-Cloud-Consultant-JPN-exam-questions.html?p=11
,56,Cloud Kicksは、レポート構築のためにService Cloudコンサルタントを雇用しました。コンサルタントは、「取引先とエンタイトルメント、および取引先責任者」と「サービス契約と契約品目」のカスタムレポートタイプを見つけるのに苦労しています。コンサルタントはトラブルシューティングのために何をすべきでしょうか?,A. Salesforce Knowledge が有効になっていることを確認します。 | B. 権限管理が有効になっていることを確認します。 | C. 履歴傾向レポートが有効になっていることを確認します。,B,「取引先とエンタイトルメント」という関連レポートタイプを使用するには、エンタイトルメント管理（Entitlement Management）が有効になっていることが前提条件です。権限管理が有効でないとエンタイトルメント関連のレポートタイプが利用できません。,https://www.freecram.com/Salesforce-certification/Service-Cloud-Consultant-JPN-exam-questions.html?p=12
,57,"Cloud Kicks (CK) は、サービス組織内のケースクロージャの主要業績評価指標 (KPI) と製品サポート計画を改善するために人工知能 (Al) を導入したいと考えています。CK には少なくとも 1,000 件のクローズされたケースがあり、そこから空のフィールドの正確な値を予測できます。CK はまだ Einstein Al 製品を実装していません。コンサルタントはどのアプローチを開始することを推奨しますか。CKでのアルの努力？",A. ケースデータの問題を確認して対処し、Einstein 分類アプリを設定します。 | B. ケースデータの問題を確認して対処し、Einstein 記事の推奨事項を設定します。 | C. 完了したケースが十分にあることを確認し、Einstein Service Al Grounding with Cases をオンにします。,A,ケースクロージャのKPIを測定するには、クローズしたケースの数・平均解決時間・初回解決率などを組み合わせたレポートが基本です。エージェント別・チャネル別・期間別の分析が重要指標です。,https://www.freecram.com/Salesforce-certification/Service-Cloud-Consultant-JPN-exam-questions.html?p=12
,58,コンサルタントは、固定の予算とスケジュールで Service Cloud の実装に取り​​組んでいます。プロジェクトのスケジュールと予算の制約を超過する可能性がある追加の要件が早い段階で発見されました。問題に対処するためにコンサルタントが取るべき最初のステップは何ですか?,A. 追加の要件をプロジェクトの範囲に組み込み、元のプロジェクト スケジュールを続行します。 | B. 追加の要件を考慮して変更要求を準備し、新しいプロジェクトのスケジュールを伝えます。 | C. 要件のギャップを文書化し、スケジュールと予算の影響についてプロジェクト チームと話し合います。,C,固定予算・スケジュールでの実装中にスコープが増える場合、要件のギャップを文書化し、スケジュールと予算への影響についてプロジェクトチームと話し合い、変更管理を通じてスコープを制御します。,https://www.freecram.com/Salesforce-certification/Service-Cloud-Consultant-JPN-exam-questions.html?p=12
,59,サービス担当者が新しいケースに正確に対応できるように、Universal Containers では、ケース レコード ページに関連ナレッジ記事のリストが表示されるようにしたいと考えています。Service Cloud コンサルタントはこの要件をどのように構成する必要がありますか?,A. ケース レコード ページにナレッジ関連リストを追加します。 | B. ナレッジコンポーネントをケース Lightning レコードページに追加します。 | C. ナレッジ コンポーネントをケース ページ レイアウトに追加します。,B,ケースレコードページに関連ナレッジ記事を表示するには、ナレッジコンポーネントをケースLightningレコードページに追加します。このコンポーネントはケースのコンテキストに基づいて関連記事を自動サジェストする機能も提供します。,https://www.freecram.com/Salesforce-certification/Service-Cloud-Consultant-JPN-exam-questions.html?p=12
,60,Cloud Kicks は、利用可能なサポート チャネルに WhatsApp チャネルを追加したいと考えています。Service Cloud コンサルタントは何を考慮すべきでしょうか?,A. グループ WhatsApp チャットはサポートされていません。 | B. 絵文字、アンケート、クイックテキストはサポートされていません。 | C. キューベースのルーティングはサポートされていません。,A,WhatsAppチャネルを追加するには、まずMessaging for In-App and Web（またはDigital Engagement）ライセンスを取得し、Messaging設定でWhatsAppチャネルを作成してMeta Business ManagerのWABAと連携します。,https://www.freecram.com/Salesforce-certification/Service-Cloud-Consultant-JPN-exam-questions.html?p=12
,61,Universal Containers は、新しいサービス エージェントのトレーニングを行っています。トレーニングの一部には、顧客からのメッセージの処理が含まれます。ただし、コンタクト センターのマネージャーがメッセージング セッションを監視して、サービス エージェントの応答が専門的かつ正確であること、および必要なときにサポートできることを確認することが重要です。このニーズをサポートするには、コンサルタントはどの Lightning コンソール機能を設定する必要がありますか?,A. [チャット スーパーバイザー] タブとウィスパー メッセージ | B. インシデント管理タブとウィスパー メッセージ | C. オムニチャネル スーパーバイザーとウィスパー メッセージ,C,新しいサービスエージェントのトレーニングには、実際のケースシナリオを使ったロールプレイ・Trailheadコース・サービスコンソール内のIn-App Guidanceを組み合わせた多層的なアプローチが効果的です。,https://www.freecram.com/Salesforce-certification/Service-Cloud-Consultant-JPN-exam-questions.html?p=13
,62,Universal Containers は、顧客がコンピューターやモバイル デバイスからサポート エージェントとリアルタイムでやり取りできるようにしたいと考えています。この要件を満たすためにコンサルタントはどの機能を推奨すべきでしょうか?,A. アインシュタインチャットボット | B. サービスクラウド音声 | C. デジタルエンゲージメント,C,顧客がコンピューターやモバイルデバイスからサポートにアクセスできるよう、Experience Cloud（コミュニティ）またはMessaging for In-App and Webをレスポンシブデザインで実装します。,https://www.freecram.com/Salesforce-certification/Service-Cloud-Consultant-JPN-exam-questions.html?p=13
,63,Cloud Kicks では、新入社員をオンボーディングし、より効率的に新入社員トレーニングを実施する必要があります。これには、福利厚生、社内求人、必須の従業員トレーニングなどの求人情報へのアクセスの提供が含まれます。要件を満たすためにコンサルタントは何を推奨する必要がありますか?,A. トレイルヘッド | B. アインシュタインの次善のアクション | C. Experience Cloud サイト,A,新入社員のオンボーディングと効率的なトレーニングには、In-App Guidance機能を使ってサービスコンソール内でリアルタイムに手順ガイドを表示します。,https://www.freecram.com/Salesforce-certification/Service-Cloud-Consultant-JPN-exam-questions.html?p=13
,64,標準の Service Cloud 機能を本番環境に導入する場合、どのベストプラクティスを使用する必要がありますか?,A. 実稼働環境にデプロイする前に、すべてのコードが単体テストでカバーされていることを確認します。 | B. 事前に展開を計画し、組織のユーザーに伝えます。 | C. デプロイ当日は本番環境へのログインを控えるようユーザーに依頼します。,B,Service Cloud機能を本番環境に展開するベストプラクティスは、サンドボックスで開発・テスト→UATの実施→変更セット（Change Set）またはDevOps Centerを使用した本番展開の順序を踏むことです。,https://www.freecram.com/Salesforce-certification/Service-Cloud-Consultant-JPN-exam-questions.html?p=13
,65,サービスエージェントは、ケースの詳細に基づいて添付ファイル付きの電子メールを顧客に送信する必要があります。要件を満たすためにコンサルタントはどの Lightning サービスコンソール機能を使用する必要がありますか?,A. ライトニングナレッジ | B. クイック テキスト テンプレート | C. カスタムケースのアクション,C,ケースの詳細に基づいて添付ファイル付きのメールを送信するには、カスタムケースアクション（Custom Case Action）を作成し、メールアクションとメールテンプレートを組み合わせます。ケースデータを動的に取り込んだメールを生成できます。,https://www.freecram.com/Salesforce-certification/Service-Cloud-Consultant-JPN-exam-questions.html?p=13
,66,チャット リクエストにサービス エージェントが効果的に応答するのに十分な情報が含まれていることを確認するには、コンサルタントは何を推奨する必要がありますか?,A. Einstein チャットボットを使用してインテントをカスタマイズします。 | B. Lightning コンソールのチャットページをカスタマイズします。 | C. プレチャット フォームをカスタマイズします。,C,チャットリクエストに十分な情報を含めるには、プレチャットフォーム（Pre-Chat Form）をカスタマイズし、顧客が問い合わせ内容・名前・連絡先情報をチャット開始前に入力するよう設定します。,https://www.freecram.com/Salesforce-certification/Service-Cloud-Consultant-JPN-exam-questions.html?p=14
,67,Universal Containers は、新しいケース管理ソリューションを開発したいと考えています。エンドツーエンドのソリューションには、サードパーティ システムとの統合が含まれます。ベスト プラクティスに従って、コンサルタントはどの開発および展開パスを推奨する必要がありますか?,A. 1 つのサンドボックスで開発し、別のサンドボックスで品質保証を完了してから、本番環境でユーザー受け入れテストと統合テストを実行します。 | B. Salesforce の機能を 1 つのサンドボックスで開発およびテストし、本番環境で機能を再構築します。 | C. 開発、品質保証、ユーザー受け入れテスト用に個別のサンドボックスを設定し、機能を運用環境に移行します。,C,新しいケース管理ソリューションの開発には、まず要件収集と現状分析を行い、標準機能で対応できるか評価してから、必要なカスタマイズを特定して設計します。,https://www.freecram.com/Salesforce-certification/Service-Cloud-Consultant-JPN-exam-questions.html?p=14
,68,Cloud Kicks (CK) は、サービスセンターで Lightning Experience と Lightning Knowledge を使用します。CK は、サービス エージェントがケースをクローズするときに新しい記事を作成する簡単な方法を望んでいます。新しい記事には、他の人にとって役立つように、事件の適切な詳細が含まれている必要があります。要件を満たすために推奨される方法は何ですか?,A. グローバルに共有されるマクロを開発して、新しい記事を作成します。 | B. トリガーを使用して、新しい記事を自動的に作成します。 | C. ケースフィールドを新しい記事にマップするクイックアクションを作成します,C,Lightning ExperienceのService Cloudコンソールでは、スプリットビュー・サブタブ・関連コンポーネントの最適配置を活用してエージェントが効率よく業務を行える環境を構築します。,https://www.freecram.com/Salesforce-certification/Service-Cloud-Consultant-JPN-exam-questions.html?p=14
,69,Ursa Major Solar のサポート部門では、サービス レベル契約 (SLA) に基づいて顧客が適切なサポートを受けられるようにするプロセスを実装したいと考えています。コンサルタントは実装の一部としてどの機能を構成する必要がありますか?,A. マイルストーン | B. エスカレーションルール | C. スケジュールされたフローアクション,A,SLAに基づいた顧客サポートを提供するには、エンタイトルメント（Entitlements）とマイルストーン（Milestones）を設定します。顧客ごとのサービスレベルを定義し、各対応段階での期限を管理してSLA遵守を確保します。,https://www.freecram.com/Salesforce-certification/Service-Cloud-Consultant-JPN-exam-questions.html?p=14
,70,ユニバーサルコンテナ（UC）は、人間とAIエージェントの連携を強化するためにAgentforceの導入を計画しています。導入の成功には、AIエージェントとサポート担当者間のシームレスな移行をサポートするAgentforceの機能との整合性が求められます。顧客サポート業務を改善するために Agentforce を実装する場合、UC が優先すべき具体的な側面は何ですか?,A. Agentforce の応答をソーシャル メディア メッセージングと統合して、顧客サポートの質問を処理します。 | B. 必要に応じて担当者をサポートするための引き継ぎを可能にする Agentforce アクションを設計します。 | C. AI エージェントの関与なしに、できるだけ多くの顧客とのやり取りを自動化することに重点を置きます。,B,AgentforceでのAIと人間エージェントの連携強化には、AIが解決できない複雑な問題を人間エージェントにシームレスに引き継ぐエスカレーションフローとハンドオフ設定が重要です。,https://www.freecram.com/Salesforce-certification/Service-Cloud-Consultant-JPN-exam-questions.html?p=14
,71,Universal Containers (UC) は顧客とのサービス レベル契約 (SLA) を締結しており、エージェントはケース作成後 2 時間以内に受信ケースの所有権を取得し、対応する義務を負っています。UC が SLA を満たすのに役立つベスト プラクティスはどれですか。,A. 自動応答ルール | B. エスカレーションルール | C. 権利とマイルストーン,C,顧客とのSLAを締結してサービスレベルを管理するには、エンタイトルメント（Entitlements）をサービス契約（Service Contract）に紐付け、マイルストーンで各期限を管理します。これにより契約期間中のSLA遵守を追跡できます。,https://www.freecram.com/Salesforce-certification/Service-Cloud-Consultant-JPN-exam-questions.html?p=15
,72,Cloud Kicks (CK) はチャットを通じて顧客をサポートします。サービスエージェントは、顧客が暴言を吐いた事例を複数報告している。CK は、虐待的な顧客が今後チャット セッションを開始できないようにする方法を求めています。要件を満たすために推奨される機能は何ですか?,A. 機密データ ルールを作成します。 | B. アシスタンス フラグ構成設定を有効にします。 | C. IP ブロック ルールを作成します。,C,チャットで顧客をサポートする際、エージェントが顧客情報を素早く確認するには、プレチャットフォームとスクリーンポップを組み合わせ、顧客の連絡先・ケース履歴をエージェントのコンソールに自動表示します。,https://www.freecram.com/Salesforce-certification/Service-Cloud-Consultant-JPN-exam-questions.html?p=15
,73,Cloud Kicks はオムニチャネルを使用して、通話、チャット、ケースをエージェントにルーティングしています。コンタクトセンターマネージャーは、チームが時間的制約のある作業を優先しながら、長時間かかる作業も継続できるようにしたいと考えています。コンサルタントはどの機能を推奨すべきでしょうか?,A. スキルベースルーティング | B. 中断可能容量 | C. オムニチャネルスーパーバイザー | D. セカンダリルーティング優先度,B,時間的に制約のある作業（チャット・通話）と長期的な作業（ケース・メール）を同時に管理するには、「中断可能容量（Interruptible Capacity）」が最適です。優先度の高い時間的に重要な作業が到着すると、エージェントが低優先度の作業を中断して対応できます。,https://www.freecram.com/Salesforce-certification/Service-Cloud-Consultant-JPN-exam-questions.html?p=15
,74,Service Cloud コンサルタントは、Cloud Kicks (CK) の顧客サービス業務の効率化を支援するために雇用されています。CKには複数の部門があり、プロセスは分断され、ドキュメントも限られています。コンサルタントはプロジェクトのキックオフに向けて準備を進めており、プロジェクトの成功を確実にしたいと考えています。契約の成功を確実にするために、コンサルタントはまず何をすべきでしょうか?,A. ソリューション設計が完了したら、ドキュメントを確認します。 | B. 想定されるベストプラクティスに基づいてプロトタイプの構築を開始します。 | C. 現在のプロセスの詳細と問題点を収集するために、部門リーダーとの面談をスケジュールします。,C,顧客サービス業務の改善には、現状分析（As-Is Assessment）でボトルネックを特定し、改善優先度を評価してから具体的な改善策を設計するアプローチが重要です。,https://www.freecram.com/Salesforce-certification/Service-Cloud-Consultant-JPN-exam-questions.html?p=15
,75,Cloud Kicks (CK) は、その製品に関する何百ものナレッジ記事を作成しました。記事は終了した事件に添付されています。新しい製品をリリースするには、数十の記事を変更する必要があります。CK は、記事を改訂した後、以前の記事バージョンが終了したケースに関連付けられたままであることを確認したいと考えています。要件を満たすために推奨される方法は何ですか?,A. 新しい記事の名前に「更新」を追加します。 | B. 記事へのスマート リンクを使用して、以前のバージョンを選択します。 | C. 公開時に [新しいバージョンとしてフラグ] チェックボックスをオンにします。,C,終了した製品に関する大量の記事を更新する際、新バージョンとして管理するには、公開時に「新しいバージョンとしてフラグ」チェックボックスを有効にして旧バージョンとの関係を管理します。記事名に「更新」を追加する方法はベストプラクティスではありません。,https://www.freecram.com/Salesforce-certification/Service-Cloud-Consultant-JPN-exam-questions.html?p=15
,76,"Universal Containers は、通話が請求に関する問題に関するものである場合、コンタクト センターのエージェントに顧客の支払い履歴へのアクセスを提供する必要があります。次の点を考慮する必要があります。* 請求データは、2,000 万件を超えるレコードを含む外部システムに保存されます。* 財務部門のみが請求システムに直接アクセスできます。コンサルタントはどのソリューションを推奨すべきでしょうか?",A. 請求システムからの検索ページを表示するカスタム タブを作成します。 | B. カスタム オブジェクトを使用して、請求システムから Salesforce に支払いデータを統合します。 | C. Salesforce Connect と外部オブジェクトを請求システムに設定します。,C,請求問題に関する通話時に顧客の支払い履歴を表示するには、Salesforce ConnectとExternal Object（外部オブジェクト）を使って外部請求システムとリアルタイム連携するのが最適です。データをSalesforceにコピーせず外部システムのデータをリアルタイムで参照できます。,https://www.freecram.com/Salesforce-certification/Service-Cloud-Consultant-JPN-exam-questions.html?p=16
,77,Universal Containers は、顧客がカスタマー サービス センターに電話する代わりにサポート リクエストを送信できるように、Web-to-Case フォームを Web サイトに実装することを決定しました。製品所有者はコンサルタントに実装計画の作成とソリューションの調査を依頼しました。コンサルタントは実施計画を作成する前に何をすべきでしょうか?,A. Web-to-ケースのサービス設定アシスタントを確認します。 | B. Web-to-ケースのガイドラインと制限を確認します。 | C. Web-to-ケースの Einstein 会話マイニングを確認します。,B,顧客が電話せずに自己解決できるようにするには、ナレッジベースとExperience Cloud（セルフサービスポータル）を組み合わせてFAQ・トラブルシューティングガイドを公開します。顧客が自己解決することでコンタクトセンターへの問い合わせ量が削減されます。,https://www.freecram.com/Salesforce-certification/Service-Cloud-Consultant-JPN-exam-questions.html?p=16
,78,Universal Containers は最近、Experience Cloud サイトを実装し、顧客がオンラインでケースを作成および更新できるようにしました。顧客は、自分の代理で作成したケースを含め、連絡先としてリストされているケースにのみアクセスできるようにする必要があります。サポート チームは、要件を満たすためにコンサルタントは何を推奨する必要がありますか?,A. Experience Cloud サイトのユーザーに、連絡先レコードに関連付けられたレコードへのアクセスを許可する共有セット | B. Experience Cloud サイトのユーザーロール階層に基づいてレコードへのアクセスが確実に付与されるようにする共有ルール | C. Case オブジェクトに対する組織全体のデフォルトのパブリック読み取り/書き込み,A,Experience Cloudサイト実装後、顧客が自分のケースを管理できるよう、ケース作成・追跡・更新機能をコミュニティに設定します。ポータルユーザーが自分のケースのみを閲覧・管理できる権限設定も必要です。,https://www.freecram.com/Salesforce-certification/Service-Cloud-Consultant-JPN-exam-questions.html?p=16
,79,ユニバーサルコンテナーズには、数百件の記事を収録した充実したナレッジベースがあります。経営陣は最近、機密性の高い製品情報を含む15件のナレッジ記事を特定し、社内サポート担当者のみが閲覧できるようにしました。これら 15 個の品目が適切に保護されていることを確認するために、コンサルタントはどのシステム構成を推奨する必要がありますか?,A. ナレッジの共有設定を「パブリック読み取り専用」から「プライベート」に変更します。 | B. 「標準 Salesforce 共有を使用する」ナレッジ設定属性を無効にします。 | C. これらの記事の表示設定を「内部アプリでのみ表示」に変更します。,C,大規模なナレッジベースの品質管理には、定期的な記事レビュープロセスを設定します。古い記事や不正確な記事を特定するための定期的な審査ワークフローを構築し、Knowledge記事の有効期限アラートも活用します。,https://www.freecram.com/Salesforce-certification/Service-Cloud-Consultant-JPN-exam-questions.html?p=16
,80,ユニバーサルコンテナーズは顧客に電話サポートを提供していますが、ここ数ヶ月、通話放棄率が高くなっています。この問題に対処するために、Service Cloud コンサルタントはどのソリューションを推奨すべきでしょうか?,A. サービス担当者のルーティング用のケース割り当てルールを作成します。 | B. Slack で Service Swarming を設定およびセットアップします。 | C. コンタクトリクエストとキューのコールバックを有効にします。,C,電話放棄率が高い問題に対処するには、コールバック機能（連絡先リクエスト）の導入またはセルフサービスチャネルの拡充が効果的です。顧客が保留せずにコールバックを予約できるようにするか、電話を使わずに解決できる手段を提供します。,https://www.freecram.com/Salesforce-certification/Service-Cloud-Consultant-JPN-exam-questions.html?p=16
,81,Cloud Kicks (CK) は、製品ラインに基づいてカスタマイズされたサポートを提供し、音声のみのサポートから拡張する予定です。サポート エージェントは、1 つ以上の特定の製品ラインに関して認定されています。CK では、複数のチャネルを通じてサポートを提供したいと考えています。CK は一貫した顧客エクスペリエンスを確保したいと考えています。要件を満たすためにコンサルタントはどのソリューションを推奨する必要がありますか?,A. キューベースのルーティングを備えたオムニチャネル | B. 容量ベースのルーティングを備えたオムニチャネル | C. Einstein ケース ルーティングを使用したオムニチャネル,C,製品ラインに基づくサポートと音声チャネルを組み合わせるには、Service Cloud Voiceとスキルベースルーティングを統合し、製品知識を持つ担当者に通話を自動転送します。,https://www.freecram.com/Salesforce-certification/Service-Cloud-Consultant-JPN-exam-questions.html?p=17
,82,Salesforce が OpenCTI フレームワークで提供する利点は何ですか?,A. 開発者は、カスタマイズを最小限に抑えて、利用可能な任意のテレフォニー プラットフォームと統合できます。 | B. エージェントは、一度開発するだけで、さまざまなブラウザやオペレーティング システムでテレフォニーを使用できます。 | C. エージェントは、タスク バーまたはシステム トレイに埋め込まれたオペレーティング システム レベルでソフトフォンを実行できます。,B,OpenCTIの主な利点は、ブラウザベースの統合によりデスクトップアダプターのインストールが不要になることです。プラットフォームとOS非依存で、Windows・Mac・Linuxのどのブラウザからでも電話システムをSalesforceと統合できます。,https://www.freecram.com/Salesforce-certification/Service-Cloud-Consultant-JPN-exam-questions.html?p=17
,83,Cloud Kicks は、Experience Cloud の顧客がケースの作成と追跡、今後の製品発表の確認、共通の関心を持つ他の顧客との交流に使用できる、安全なブランド化されたモバイル アプリを作成したいと考えています。コンサルタントはどのモバイル開発オプションを推奨すべきですか?,A. Apple 用と Android 用の 2 つのカスタム モバイル アプリを作成します。 | B. コミュニティ ユーザーが Web ブラウザを通じてサイトにアクセスできることを説明します。 | C. Salesforce Mobile Publisher を使用して、Apple と Android の両方に共通のアプリケーションを作成します。,C,Experience Cloudでケース作成・追跡・製品情報確認・コミュニティ参加ができるポータルを構築するには、適切なExperience Cloudテンプレートとコンポーネントを設定します。,https://www.freecram.com/Salesforce-certification/Service-Cloud-Consultant-JPN-exam-questions.html?p=17
,84,Universal Containers (UC) は、コンタクト センターに Service Cloud を導入するためにコンサルティング会社を初めて採用しました。プロジェクトには素早い反復と迅速な完了が必要です。UC は、チェックインと改良のためにプロジェクト チームに頻繁な更新を要求しました。要件を考慮した場合、コンサルタントはどの方法論を推奨する必要がありますか?,A. 滝 | B. ハイブリッド | C. アジャイル,C,Service Cloudのコンタクトセンター全体最適化には、オムニチャネルルーティング・エンタイトルメント・ナレッジ・レポートダッシュボードを統合した包括的なアプローチが必要です。,https://www.freecram.com/Salesforce-certification/Service-Cloud-Consultant-JPN-exam-questions.html?p=17
,85,Cloud Kicks は、電子メール、電話、チャットボットを超えて、よりパーソナライズされた柔軟なサービス エクスペリエンスを顧客に提供したいと考えています。この要件を満たすためにコンサルタントは何を推奨すべきでしょうか?,A. ソーシャルメディア | B. メッセージング アプリ | C. Salesforce ナレッジ,B,電話・メール・チャットボット以外のパーソナライズされた柔軟なチャネルとして、WhatsApp・SMS等のソーシャルメッセージングチャネルの追加が顧客満足度向上に効果的です。,https://www.freecram.com/Salesforce-certification/Service-Cloud-Consultant-JPN-exam-questions.html?p=17
,86,コンサルタントは、5 年間のケース データを管理して顧客のリクエストに応じて利用できるようにするための方法について、Cloud Kicks (CK) にアドバイスするよう依頼されました。CK ユーザーが外部オブジェクトからケース情報をアーカイブしてアクセスするのに役立つ機能はどれですか?,A. Salesforce ビッグオブジェクト | B. Salesforce コネクト | C. Salesforce ケース履歴オブジェクト,B,5年間のケースデータを管理し顧客リクエストに応じて提供するには、適切なデータアーカイブ戦略を策定します。Big ObjectやExternal Storageへのアーカイブで古いデータを保持しつつ、検索可能な状態を維持します。,https://www.freecram.com/Salesforce-certification/Service-Cloud-Consultant-JPN-exam-questions.html?p=18
,87,コンタクト センターのやり取りの数を減らすための一般的な回避手法は何ですか?,A. メール-to-ケースの質問に対する記事を提案します。 | B. チャット セッションの前に記事を推奨します。 | C. サポート エージェントからの通話中に記事を推奨します。,B,コンタクトセンターへの問い合わせ数を削減する一般的なケースデフレクション手法は、チャットセッション前に関連記事を推薦することです。顧客がチャットを開始する前に自己解決できるよう記事を提示し、エージェントへの引き継ぎを減らします。,https://www.freecram.com/Salesforce-certification/Service-Cloud-Consultant-JPN-exam-questions.html?p=18
,88,Universal Containers (UC) は、世界中に地域コンタクト センターを持っています。UC は、ケースの組織全体のデフォルトを非公開に設定して Service Cloud を実装しました。UC の役割階層は地域ごとに設定されます。サポート マネージャーは、デフォルトで自分の地域のサポート メトリックを確認したいと考えています。UC にはスケーラブルなソリューションが必要です。コンサルタントはどの戦略を推奨すべきでしょうか?,A. レポート スナップショットを使用してダッシュボードを作成します。 | B. 各サポート マネージャー用のダッシュボードを作成します。 | C. 動的ダッシュボードを作成します。,C,世界中に地域コンタクトセンターを持つ場合、各地域のビジネス時間・休日・タイムゾーンを考慮したルーティングと、多言語対応のナレッジ記事・エージェント配置が必要です。,https://www.freecram.com/Salesforce-certification/Service-Cloud-Consultant-JPN-exam-questions.html?p=18
,89,Service Console ユーザーは一度に数十のケースに取り組んでおり、多くの場合、その日の早い時間に取り組んでいたケースを更新する必要があります。コンサルタントは何を推奨すべきでしょうか?,A. ユーティリティ バーに履歴を追加します。 | B. カスタム ダッシュボードを作成します。 | C. すべてのケースをタブで開いたままにします。,A,サービスコンソールで数十のケースを扱うエージェントが、その日の早い時間に対応していたケースに戻るには、最近表示したレコード機能（Recently Viewed）または固定タブ（Pinned Tab）を活用します。,https://www.freecram.com/Salesforce-certification/Service-Cloud-Consultant-JPN-exam-questions.html?p=18
,90,Universal Containers（UC）のカスタマーサポートチームは、最近、ケース解決時間が大幅に増加していることに気づきました。UCは、エージェントが関連情報をより迅速に見つけられるように、Einstein for Serviceの活用を検討しています。,A. アインシュタインボット | B. アインシュタインの記事のおすすめ | C. アインシュタインの返信の推奨事項,B,ケース解決時間が増加した原因分析には、ナレッジ記事の利用状況・エージェントの業務量・エスカレーション状況などを分析するレポートが有効です。問題の根本原因を特定してから改善策を実施します。,https://www.freecram.com/Salesforce-certification/Service-Cloud-Consultant-JPN-exam-questions.html?p=18
,91,ユニバーサルコンテナのサポートマネージャーは、サポート担当者のパフォーマンスレポートが不正確であることに気づきました。Salesforce管理者はデータを調査した結果、完了しているにもかかわらずキューに残っているケースが数百件あることを発見しました。,A. データローダーを定期的に使用して、これらのケースをデフォルトの所有者に割り当てます。 | B. ケース検証ルールを作成し、ケースがクローズされたときにユーザーがケースを所有していることを確認します。 | C. ケース割り当てルールを作成し、ケースがクローズされたときにユーザーがケースを所有するようにします。,C,ケースがキューに残ったままになっている問題を解決するには、ケース割り当てルール（Case Assignment Rules）を作成し、ケースがクローズされるときに担当ユーザーが割り当てられるようにします。これにより、クローズ済みケースが適切なオーナーに割り当てられ、パフォーマンスレポートの精度が向上します。,https://www.freecram.com/Salesforce-certification/Service-Cloud-Consultant-JPN-exam-questions.html?p=19
,92,Cloud Kicks は、顧客ケースに対応するサービス担当者を支援するために、Einstein Next Best Action を活用しています。複数のサービス担当者が同じケースに取り組んでいます。アイテムが開始、一時停止、再開、完了したことをサービス担当者に表示するには、コンサルタントは何を構成する必要がありますか?,A. アクティビティ分析タブ | B. ケース履歴関連リスト | C. アクションと推奨事項コンポーネント,C,Einstein Next Best Actionを使用してサービス担当者を支援するには、推薦戦略（Recommendation Strategy）を設定し、ケースのコンテキストに基づいて次のアクション（記事添付・エスカレーション推薦等）を自動提案します。,https://www.freecram.com/Salesforce-certification/Service-Cloud-Consultant-JPN-exam-questions.html?p=19
,93,Cloud Kicks（CK）は、サービス契約に基づく製品サポートを提供しています。お客様のサービス契約には、ケースと作業指示の両方に同一のサービスレベル契約（SLA）が含まれています。CKは、設定を効率的に管理する方法を求めています。要件を満たすための推奨構成は何ですか?,A. ケースと作業指示書の両方に単一の権利付与プロセスを作成します。 | B. 作業指示書に権利付与プロセスを割り当てるフローを作成します。 | C. ケースと作業指示書に個別の資格プロセスを作成します。,A,サービス契約に基づく製品サポートを提供するには、エンタイトルメント（Entitlements）とサービス契約（Service Contracts）を設定します。顧客ごとのサポート期間・レベル・マイルストーンを管理できます。,https://www.freecram.com/Salesforce-certification/Service-Cloud-Consultant-JPN-exam-questions.html?p=19
,94,Cloud Kicks は、優先的な問題を適切な担当者に引き渡すための集中的なメッセージング戦略を実装しています。Service Cloud コンサルタントは、これらの特定のインタラクションの処理時間とメッセージング セッションの解決を追跡するためにどのソリューションを検討する必要がありますか?,A. AgentWork をプライマリ オブジェクト、Messaging Session をセカンダリ オブジェクトとしてカスタム レポート タイプを作成します。 | B. AgentWork をプライマリ オブジェクト、Messaging User をセカンダリ オブジェクトとしてカスタム レポート タイプを作成します。 | C. プライマリ オブジェクトとして Messaging Session、セカンダリ オブジェクトとして AgentWork を使用して、カスタム レポート タイプを作成します。,C,優先度の高い問題を適切な担当者に引き渡すメッセージング戦略には、オムニチャネルの優先度ルーティングとエスカレーションルールを組み合わせ、高優先度のケースを適切なチームに自動的にルーティングします。,https://www.freecram.com/Salesforce-certification/Service-Cloud-Consultant-JPN-exam-questions.html?p=19
,95,ユニバーサルコンテナーズ（UC）のカスタマーサポート部門は、コールセンターにナレッジセンターサポート（KCS）を導入しました。しかし、コールセンターの経営陣は、サポート担当者が新しいナレッジ記事をより頻繁に投稿する必要があると考えています。この状況に対処するために UC は何をすべきでしょうか?,A. 公開が承認された新しい記事の数に基づいてサポート担当者を評価し、報酬を与えます。 | B. 承認のために送信された新しい記事の数に基づいてサポート担当者を評価し、報酬を与えます。 | C. 新しい提案記事を送信するときに、サポート担当者がケースのボックスをチェックする必要があります。,B,KCSを導入したコールセンターでエージェントがKCSサイクルを実践するには、Lightning Knowledgeをサービスコンソールに統合し、ケース対応中に記事を検索・更新・作成できるようにします。,https://www.freecram.com/Salesforce-certification/Service-Cloud-Consultant-JPN-exam-questions.html?p=19
,96,Cloud Kicks (CK) のサービス チームのメンバーは、Cases に関して互いに協力することに苦労しています。CK も社内で Slack を使用しています。コンサルタントは何を勧めるべきですか?,A. Slack で Swarming を有効にして構成します。 | B. Slack でケースチームのワークスペースを作成します。 | C. ケース通知 Slackbot を構成します。,B,サービスチームがケースについて協力するには、Case Swarming（ケーススウォーミング）またはChatterを活用してケース上でのコラボレーションを促進します。,https://www.freecram.com/Salesforce-certification/Service-Cloud-Consultant-JPN-exam-questions.html?p=20
,97,Universal Containers のサービス担当副社長は、サポート エージェントが顧客にナレッジ記事をより簡単かつ迅速に送信できるようにしたいと考えています。コンサルタントは記事を顧客に送信するために何を設定する必要がありますか?,A. ナレッジ記事にリンクする自動応答ルールを作成します。 | B. ナレッジ記事を含む電子メールを送信するためのマクロを作成します。 | C. ナレッジ記事を共有するために Case Deflection コンポーネントを設定します。,B,エージェントが顧客にナレッジ記事を共有するには、ケースのメール返信時に記事をリンクまたは添付するか、Experience Cloudのポータルにナレッジを公開して顧客がセルフサービスで参照できるようにします。,https://www.freecram.com/Salesforce-certification/Service-Cloud-Consultant-JPN-exam-questions.html?p=20
,98,サービス エージェントが新しいケースにより正確に対応できるように、Universal Containers では、関連するナレッジ記事のリストをケース レコード ページに表示することを望んでいます。コンサルタントはこの要件をどのように設定する必要がありますか?,A. [ナレッジ] タブをサービス コンソールに追加します。 | B. ナレッジ コンポーネントをケース レコード ページに追加します。 | C. ナレッジ関連リストをケース レコード ページに追加します。,B,新しいケースへの正確な対応を支援するには、ナレッジコンポーネントをケースLightningレコードページに追加し、ケースのコンテキストに基づいて関連ナレッジ記事が自動サジェストされるようにします。,https://www.freecram.com/Salesforce-certification/Service-Cloud-Consultant-JPN-exam-questions.html?p=20
,99,クライアントの電話システムを Salesforce と統合するために、Service Cloud コンサルタントが雇用されました。コンサルタントはこの統合に何を使用することを検討すべきでしょうか?,A. Service Cloud ソフトフォンレイアウト | B. ライトニングダイヤラー | C. サービスクラウド音声,C,電話システムをSalesforceと統合するには、OpenCTIフレームワークを使用してブラウザベースのCTIアダプターを設定します。デスクトップアダプター不要で、任意の電話システムとSalesforceを連携できます。,https://www.freecram.com/Salesforce-certification/Service-Cloud-Consultant-JPN-exam-questions.html?p=20
,100,サービス センターの最近の作業タスク分析により、サービス エージェントがケースをクローズするときと電子メールでアンケートを送信するときに同じ手順を実行することが明らかになりました。これらの手順には 1 件あたり約 1 分かかります。毎年何百万もの事件が解決されるため、この業務の効率を向上させることが重要です。プロセスを改善する推奨される Service Cloud 機能は何ですか?,A. マクロ | B. グローバル クイック アクション | C. クイックテキスト,A,ケースクローズ時や電話作業での繰り返しタスクを自動化するには、マクロ（Macros）を作成してワンクリックで複数アクションを実行します。サービスコンソールで最も効率的な操作の自動化方法です。,https://www.freecram.com/Salesforce-certification/Service-Cloud-Consultant-JPN-exam-questions.html?p=20
,101,Universal Containers のコールセンター マネージャーは、エージェントの生産性の傾向を監視するための日次レポートを作成したいと考えています。新しいオムニチャネル レポート タイプを作成するには、コンサルタントはどの主要オブジェクトを選択する必要がありますか?,A. エージェントの詳細 | B. エージェントの作業 | C. 割り当てられた作業,B,エージェントの生産性傾向を分析するには、エージェント別のケース解決数・平均処理時間・初回解決率をレポートで追跡します。Omni Supervisorのリアルタイムデータと組み合わせて傾向を把握します。,https://www.freecram.com/Salesforce-certification/Service-Cloud-Consultant-JPN-exam-questions.html?p=21
,102,Service Cloud コンサルタントは、Lightning Knowledge 検索でサービス担当者の製品専門分野の記事のみが表示されるようにするために、どのアプローチを使用する必要がありますか?,A. 記事レコードタイプを使用して、ページレイアウトの割り当てによってサービス担当者のアクセスを制限します。 | B. 各製品の専門分野ごとにデータカテゴリを作成します。権限セットを使用してデータカテゴリを割り当てます。 | C. ナレッジのプライベート共有モデルを設定します。手動またはグループベースの共有ルールを通じて、サービス担当者にアクセス権を付与します。,B,Lightning Knowledge検索で製品専門分野の記事のみを表示するには、製品専門分野ごとにデータカテゴリを作成し、権限セットを使ってエージェントのデータカテゴリ可視性を制御します。記事レコードタイプやプライベート共有モデルでは実現が困難です。,https://www.freecram.com/Salesforce-certification/Service-Cloud-Consultant-JPN-exam-questions.html?p=21
,103,ある旅行代理店は、顧客が新しい旅行予約を作成したり、既存の予約を変更したりできるよう、セルフサービスを提供したいと考えています。これらのタスクには、外部の予約システムとの統合や独自のビジネスロジックの遵守が求められることがよくあります。,A. Agentforce for Service Agent は、特定のタスクを完了するために Einstein Bots と組み合わせられます。 | B. カスタム トピックとカスタム アクションを備えたサービス エージェント用の Agentforce。 | C. 顧客に予約と予約プロセスを案内するカスタム スクリーン フロー。,B,旅行代理店での予約管理セルフサービスポータルには、Experience Cloud（コミュニティ）とカスタムコンポーネントを組み合わせて構築します。顧客が予約の作成・変更・確認を自己完結できる環境を提供します。,https://www.freecram.com/Salesforce-certification/Service-Cloud-Consultant-JPN-exam-questions.html?p=21
,104,Universal Containers は、サンドボックスの 1 つ内のオブジェクトとフィールドへのアクセスを許可する権限セットを作成しました。ベスト プラクティスに従って、コンサルタントはこれらの権限セットを運用環境にどのように展開する必要がありますか?,A. 変更セットを使用します。 | B. 手動で再作成します。 | C. Salesforce Workbench を使用します。,A,サンドボックス内のオブジェクト・フィールドへのアクセスを管理するには、権限セット（Permission Sets）を使用してきめ細かいアクセス制御を実装します。プロファイルよりも柔軟に権限を付与・管理できます。,https://www.freecram.com/Salesforce-certification/Service-Cloud-Consultant-JPN-exam-questions.html?p=21
,105,Universal Containers は、カスタマー サポート チームのベスト プラクティスを実装したいと考えており、ナレッジ センター サポート (KCS) 方法論に従うことを決定しました。どのような効果が期待できるのでしょうか？,A. ポストインタラクション時間の短縮 | B. 最初の問い合わせの解決時間の短縮 | C. 問題解決時間の短縮,C,カスタマーサポートのベストプラクティス実装には、エスカレーションルール・割り当てルール・マクロと組み合わせて、ナレッジベースを活用した統合的なサポートプロセスを構築します。,https://www.freecram.com/Salesforce-certification/Service-Cloud-Consultant-JPN-exam-questions.html?p=21
,106,Cloud Kicks は世界中の顧客にサポートを提供し、Lightning Experience を使用します。サービス エージェントには、一連の共通の応答があります。マネージャーは、応答をクイック テキストとして統合し、複数の言語に翻訳して、サービス エージェントの適切なグループと共有したいと考えています。要件を満たすためにコンサルタントは何を推奨する必要がありますか?,A. カスタム ラベルを使用して、テキストの迅速な翻訳を管理します。 | B. 各翻訳のクイック テキストを含むフォルダーを共有します。 | C. 各クイック テキストをパブリック グループに個別に共有します。,B,世界中の顧客にサポートを提供するLightning Experience環境では、多言語対応のナレッジ記事を翻訳ワークベンチで管理し、言語設定に基づいて適切な記事を表示します。,https://www.freecram.com/Salesforce-certification/Service-Cloud-Consultant-JPN-exam-questions.html?p=22
,107,Universal Containers は、企業対消費者 (B2C) 顧客をサポートするためにケース管理を実装しました。1 つのカスタム フィールドには、顧客の個人識別情報 (PII) データが含まれています。ケースが送信されると、アカウント マネージャーは読み取り専用アクセスを必要とし、顧客の PII データを表示する必要があります。サポート エンジニアには読み取りおよび書き込みアクセスが必要ですが、顧客の PII データに対する可視性はありません。要件を満たすためにコンサルタントはどのソリューションを推奨する必要がありますか?,A. ケース オブジェクトとフィールド レベルのセキュリティに対して [すべて表示] を設定します。 | B. 読み取り/書き込みおよびフィールドレベルのセキュリティを備えたケースチームを設定します。 | C. Case オブジェクトの OWD を設定し、Salesforce Shield を実装します。,B,B2C顧客のケース管理では、連絡先（Contact）をベースにしたケース管理と、セルフサービスポータルおよびWeb-to-Caseを組み合わせます。B2Bと異なりアカウント不要で連絡先に直接ケースを関連付けられます。,https://www.freecram.com/Salesforce-certification/Service-Cloud-Consultant-JPN-exam-questions.html?p=22
,108,"Universal Containers (UC) には、すべての電子メール トラフィックがファイアウォール内に留まるように要求するポリシーがあります。UC は 1 日あたり最大 2,000 件のケースを受け取りますが、その中には顧客からの大きな電子メールの添付ファイルも含まれています。このシナリオで Salesforce を実装する場合、コンサルタントはどのソリューションを推奨する必要がありますか?",A. メール-to-ケース | B. deg - メール-to-ケースのデマンド | C. 電子メールリレー,A,すべてのメールトラフィックがファイアウォールの内側にある場合、Email-to-Caseのオンデマンド方式（On-Demand Email）を使用します。エージェントのファイアウォールを通過せずにSalesforceがメールを受信できます。,https://www.freecram.com/Salesforce-certification/Service-Cloud-Consultant-JPN-exam-questions.html?p=22
,109,Cloud Kicks は、応答時間と初回解決率に関するサービスの主要業績評価指標 (KPI) を標準化したいと考えています。個々のサービス エージェント、チーム リーダー、地域ディレクター、およびサービス担当副社長は、ユーザーがアクセスできるデータのみを使用して計算された同じ KPI を確認する必要があります。要件を満たすために推奨される実行ユーザーは何ですか?,A. ダッシュボード ビューア | B. チームリーダー | C. サービス担当副社長,A,応答時間と初回解決率のKPIを標準化するには、SLAエンタイトルメントとマイルストーンを設定し、KPIダッシュボードで継続的に監視・報告する仕組みを構築します。,https://www.freecram.com/Salesforce-certification/Service-Cloud-Consultant-JPN-exam-questions.html?p=22
,110,Universal Containers は、顧客がコンピューターやモバイル デバイスからサポート エージェントとリアルタイムでやり取りできるようにしたいと考えています。この要件を満たすためにコンサルタントはどの機能を推奨する必要がありますか?,A. Web-to-ケース | B. Einstein チャットボット | C. ナレッジ記事,B,コンピューターやモバイルデバイスからサポートにアクセスするチャネルとして、Messaging for In-App and Web（アプリ内・Web上メッセージング）が最新の推奨チャネルです。従来のLive Chatは2026年2月に廃止予定です。,https://www.freecram.com/Salesforce-certification/Service-Cloud-Consultant-JPN-exam-questions.html?p=22
,111,Cloud Kicksのコンタクトセンタースーパーバイザーは最近オムニチャネルを導入し、処理時間、応答速度、アクティブ時間といった主要な指標を監視したいと考えています。Service Cloudコンサルタントはどのようにしてこの要件を満たすことができますか？,A. サービス セットアップ アシスタントから事前構築されたレポートをインストールします。 | B. ケースマイルストーンのカスタムレポートタイプを作成します。 | C. ケースライフサイクルレポートを作成します。,A,オムニチャネル導入後のパフォーマンス分析には、オムニチャネルレポート（処理時間・応答時間・キャパシティ使用率）とOmni Supervisorのリアルタイムデータを活用します。スーパーバイザーがデータ駆動の改善を実施できます。,https://www.freecram.com/Salesforce-certification/Service-Cloud-Consultant-JPN-exam-questions.html?p=23
,112,クライアントの電話システムを Salesforce と統合するためにコンサルタントが雇われました。コンサルタントはこの統合に何を使用することを検討すべきですか?,A. Service Cloud コールセンター | B. ライトニング ダイヤラー | C. Service Cloud ソフトフォンのレイアウト,A,電話システムをSalesforceと統合するには、OpenCTIを使用してブラウザベースのCTI統合を実装します。デスクトップアダプター不要でどのブラウザでも動作し、標準のCTI APIで任意の電話システムと連携できます。,https://www.freecram.com/Salesforce-certification/Service-Cloud-Consultant-JPN-exam-questions.html?p=23
,113,Universal Containers は、顧客満足度を向上させるためのプログラムを開始しています。プログラムの一環として、顧客が満足し、問題が解決されたことを確認するために、ケースのクローズ後に顧客にアンケートを実施する必要があります。この要件を満たすためにコンサルタントはどのソリューションを推奨する必要がありますか?,A. 自動応答ルールを使用して顧客に電子メールを送信します。 | B. エスカレーション ルールを使用して、ケースをケース キューに割り当てます。 | C. Flow Builder を使用して顧客に電子メールを送信します。,C,顧客満足度向上プログラムには、ケースクローズ後の自動CSAT調査送信と、フィードバックデータのレポート・分析、および改善アクションのフォローアップが含まれます。,https://www.freecram.com/Salesforce-certification/Service-Cloud-Consultant-JPN-exam-questions.html?p=23
,114,Universal Containers（UC）は、関連製品の専門分野に基づいてエージェントにケースを割り当てることで、ケース管理を改善したいと考えています。また、UCは、ケースのワークロードを均等に分散するために、エージェントを次のケースに自動的に割り当てることも検討しています。,A. 最も利用可能なルーティング モデルを使用します。 | B. エージェントのプレゼンスステータスを使用します。 | C. 最も多く解決されたケースのレポートを使用します。,A,製品専門知識に基づくケースルーティングには、スキルベースルーティング（Skills-Based Routing）を使用します。エージェントのスキルと受信ケースの製品タイプを照合して自動的に適切なエージェントに割り当てます。,https://www.freecram.com/Salesforce-certification/Service-Cloud-Consultant-JPN-exam-questions.html?p=23
,115,サービス エージェントは顧客とメッセージング セッションを行っています。顧客は 30 分後に突然応答を停止します。エージェントは次に何をすべきでしょうか?,A. 顧客とのメッセージング セッションを終了します。 | B. メッセージング セッションを顧客として非アクティブとしてマークします。 | C. 顧客とのメッセージング セッションを開いたままにします。,A,メッセージングセッション中に顧客が応答しなくなった場合、セッションタイムアウト設定（非アクティブタイムアウト）により設定した時間後に自動的にセッションを終了し、ケースを適切に処理します。,https://www.freecram.com/Salesforce-certification/Service-Cloud-Consultant-JPN-exam-questions.html?p=23
,116,Lightning Experience に移行した後、ユーザから、ケースをクローズするときにナレッジ記事を作成できないという苦情が寄せられています。コンサルタントはこの問題をどのように解決すべきでしょうか?,A. 記事を作成する唯一の方法はナレッジ コンポーネントからであることをユーザーに通知します。 | B. ナレッジ記事の読み取り/書き込み/作成権限を有効にします。 | C. Salesforce ナレッジの管理権限をユーザのプロファイルに追加します。,C,Lightning Experience移行後にケースクローズ時にナレッジ記事を作成できない問題は、ユーザープロファイルにSalesforceナレッジ管理権限（Manage Articles）が付与されていないことが原因です。適切な権限を付与することで解決できます。,https://www.freecram.com/Salesforce-certification/Service-Cloud-Consultant-JPN-exam-questions.html?p=24
,117,Lightning Knowledge 検索でサービスエージェントの製品専門分野に関する記事のみが表示されるようにするには、コンサルタントはどのアプローチを使用する必要がありますか?,A. 各製品のデータ カテゴリを作成します。データ カテゴリをサービス エージェントに割り当てます。 | B. レコード タイプごとに記事アクションを作成します。レコード タイプをサービス エージェントに割り当てます。 | C. レコード タイプごとに権限セットを作成します。サービスエージェントに権限を割り当てます。,A,Lightning Knowledge検索でエージェントの製品専門分野の記事のみを表示するには、データカテゴリグループと値を設定し、エージェントのプロファイルまたは権限セットでデータカテゴリの可視性を制御します。,https://www.freecram.com/Salesforce-certification/Service-Cloud-Consultant-JPN-exam-questions.html?p=24
,118,限られた時間枠内でソーシャル チャネルからケースをルーティングするためにコンサルタントが導入できる機能はどれですか?,A. カスタムケース割り当てルールを使用します。 | B. Apex ソリューションを実装します。 | C. AppExchange のサードパーティ アプリを使用します。,A,限られた時間枠内でソーシャルチャネルからケースをルーティングするには、ケース割り当てルール（Assignment Rules）とエスカレーションルール（Escalation Rules）を組み合わせて時間的制約のあるルーティングを実装します。,https://www.freecram.com/Salesforce-certification/Service-Cloud-Consultant-JPN-exam-questions.html?p=24
,119,Universal Containersは、Amazon Connectを使用してService Cloud Voiceを実装しています。管理者はテスト用に新しいサンドボックスを作成しました。新しいサンドボックス構成に関して管理者は何を期待すべきでしょうか?,A. サンドボックスの作成時に AWS アカウントとコンタクトセンターは自動的にコピーされますが、音声通話データはコピーされません。 | B. 新しい AWS アカウントが自動的に作成されますが、コンタクトセンターと音声通話データは新しいサンドボックスにコピーされません。 | C. サンドボックスが作成されると、AWS アカウント、コンタクトセンター、音声通話データが自動的にコピーされます。,B,Amazon ConnectをService Cloud Voiceと統合するには、Amazon Connect CTI Adapterパッケージをインストールし、Service Cloud Voiceを有効化してAmazon Connectインスタンスとの連携とSSOを設定します。,https://www.freecram.com/Salesforce-certification/Service-Cloud-Consultant-JPN-exam-questions.html?p=24
,120,Service Cloud コンサルタントは、Cloud Kicks の経営幹部向けに Salesforce ダッシュボードを作成するという任務を負っています。ダッシュボードには、意思決定を支援するインサイトを提供する必要があります。,A. 特定のパスとルーティングタイプを詳細に示すオムニチャネル分析 | B. AppExchange のサービスとサポートのダッシュボード | C. 待ち時間と処理時間を含む CTI 分析レポート,B,経営幹部向けのSalesforceレポートとダッシュボードでは、KPIに焦点を当てた要約ダッシュボードを作成し、ドリルダウン機能で詳細確認もできるよう設計します。,https://www.freecram.com/Salesforce-certification/Service-Cloud-Consultant-JPN-exam-questions.html?p=24
,121,Universal Containers には、単一のエージェントでは解決できないカテゴリのケースがあり、代わりに専門家のチームが問題をトリアージして解決する必要があります。サポート マネージャーは、専門家チームがこれらのケースに協力できるソリューションに興味を持っています。専門家がリアルタイムで共同作業できるように、コンサルタントはどのオプションを推奨する必要がありますか?,A. 統合された Slack チャネルにエキスパートを追加します。 | B. メール-to-ケースを使用してエキスパートにメールを送信し、エキスパートがメール スレッドを使用できるようにします。 | C. スキルベースのルーティングを実装して、ケースを専門家に割り当てます。,A,単一エージェントでは解決できないケースには、Case Swarming（ケーススウォーミング）を使用して複数の専門家を動員します。ケースオーナーが責任を維持しながら必要な専門家を招集し、協力して解決します。,https://www.freecram.com/Salesforce-certification/Service-Cloud-Consultant-JPN-exam-questions.html?p=25
,122,Cloud Kicks のサポート スーパーバイザーは、主要業績評価指標 (KPI) を表示し、Service Cloud Voice コンタクト センターに関するグラフとデータを参照したいと考えています。通話量、平均処理時間、平均応答速度、その他の指標をどのように追跡できるでしょうか?,A. Service CRM Analytics アプリを使用します。 | B. ケースとサービス担当者の作業に関するレポートを含むカスタムダッシュボードを作成します。 | C. AppExchange から Service Cloud レポート パッケージをインストールします。,A,KPIをリアルタイム表示するサービスコンソールには、Omni Supervisorとカスタムダッシュボードコンポーネントを組み合わせます。スーパーバイザーがエージェントのパフォーマンスをリアルタイムで把握できます。,https://www.freecram.com/Salesforce-certification/Service-Cloud-Consultant-JPN-exam-questions.html?p=25
,123,Cloud Kicks は、ケース チームを活用して、困難な問題の共同作業を支援する予定です。サポート エージェントは、事前定義されたケース チームを使用して、ケースのスペシャリストを追加できます。スペシャリストはケースを表示し、関連するレコードをケースに追加できる必要があります。ケースチームの役割に推奨されるケースアクセスのレベルはどれくらいですか?,A. テリトリールール | B. 読み取り専用 | C. プライベート,B,ケースチームを活用して困難な問題に協力するには、ケースチームテンプレート（Case Team Templates）を設定し、役割（役割に応じたアクセス権限）を定義します。チームメンバーにケースへの読み取り/書き込み権限を適切に付与します。,https://www.freecram.com/Salesforce-certification/Service-Cloud-Consultant-JPN-exam-questions.html?p=25
,124,Universal Containers のサポート管理チームは、過去数か月間、顧客がサポートを求める際の待ち時間が増加していることに気づきました。顧客の待ち時間を短縮するためにコンサルタントは何を推奨すべきですか?,A. 分析スナップショットを設定して、主要なケース情報を取得し、履歴傾向レポートを作成します。 | B. ピーク時間を把握し、適切であることを確認するためにデータを分析するレポートを作成します。 | C. 優先度の高いケースを解決のためにスーパーバイザーに直接ルーティングするケース エスカレーション ルールを作成します。,B,顧客が継続的にサポートを求めている問題の傾向分析には、ケース理由フィールドや製品別のレポートで頻度の高い問題を特定し、ナレッジ記事やセルフサービスポータルで解決策を提供します。,https://www.freecram.com/Salesforce-certification/Service-Cloud-Consultant-JPN-exam-questions.html?p=25
,125,ユニバーサルコンテナのサポート部門は、AIエージェントの応答が同社のブランドボイスと望ましいコミュニケーションスタイルを一貫して反映していることを保証しつつ、どのような応答を避けるべきかを明確に指示したいと考えています。このレベルの制御は、顧客とのやり取りにおいてブランドの一貫性を維持するために不可欠です。この要件に対処するために AI エージェントを最も適切に使用するにはどうすればよいですか?,A. Einstein Bot は明確に定義された会話構造を持ちます。 | B. カスタム トピック指示を持つ Agentforce サービス エージェント。 | C. 標準のトピックと手順を備えた Agentforce サービス エージェント。,B,AIエージェントの応答がブランドボイスと一致するようにするには、Agentforceのプロンプトテンプレートとトピック指示（Instructions）にブランドのトーン・用語・ガイドラインを明記します。,https://www.freecram.com/Salesforce-certification/Service-Cloud-Consultant-JPN-exam-questions.html?p=25
,126,Cloud Kicks は、応答時間と初回ケースクローズ率といったサービス主要業績評価指標 (KPI) を標準化したいと考えています。個々のサービス担当者、チームリーダー、地域ディレクター、そしてサービス担当副社長は、ユーザーがアクセスできるデータのみを使用して計算された同じ KPI を確認できる必要があります。要件を満たすために推奨される実行ユーザーは誰ですか?,A. ダッシュボード閲覧者 | B. サービス担当副社長 | C. チームリーダー,A,応答時間と初回ケースクローズ率のKPIを標準化するには、SLAエンタイトルメントとマイルストーンを設定し、KPIダッシュボードで継続的に監視・管理します。,https://www.freecram.com/Salesforce-certification/Service-Cloud-Consultant-JPN-exam-questions.html?p=26
,127,大手家電メーカーは、注文の追跡、予約の変更、基本的なトラブルシューティングといった顧客からのよくある問い合わせをAIソリューションで処理することで、問い合わせ件数を削減したいと考えています。このソリューションには、以下の機能が必要です。* カスタム API を介してリアルタイムの注文と予約データを自動的に取得します。* 顧客からの多様で複雑な表現を処理するために動的な推論を提供します。* 複数ターンの会話中にメモリと意思決定機能を使用して完全に拡張可能。,A. アインシュタインボット | B. Agentforce従業員エージェント | C. Agentforce サービスエージェント,C,注文追跡・予約変更・基本的なトラブルシューティングなどのよくある問い合わせを自動化するには、Agentforce Service Agent（AIエージェント）を導入します。AIが自律的に一般的な問い合わせを処理し、複雑な問題のみ人間エージェントに引き継ぎます。,https://www.freecram.com/Salesforce-certification/Service-Cloud-Consultant-JPN-exam-questions.html?p=26
,128,Universal Containers の経営陣は、サービスの問題をより迅速に解決するために適切な人材を関与させるために必要な労力のレベルを削減したいと考えています。コンサルタントはケースを配布するために何を推奨すべきですか?,A. サポート エージェントでキューを作成し、割り当てルールを使用します。 | B. ケースチームを事前定義し、割り当てルールを使用します。 | C. Web-to-ケースを設定し、割り当てルールを使用します。,A,サービス問題を迅速に解決するための適切なエスカレーションには、エスカレーションルール（Escalation Rules）と通知設定を組み合わせ、SLA違反時に自動的に上位担当者に通知・再割り当てします。,https://www.freecram.com/Salesforce-certification/Service-Cloud-Consultant-JPN-exam-questions.html?p=26
,129,Universal Containers (UC) は、Service Cloud の実装を準備しており、グローバル サポート チームの参加を希望しています。UC は、Service Cloud の使用方法についてサポート チームからのフィードバックを収集しています。要件収集セッションにより、大量の成果物が作成されました。コンサルタントは次のステップとして何を推奨すべきでしょうか?,A. 実行可能な最小限の製品の要件を特定し、優先順位を付けます。 | B. 要件を提出した関係者に基づいて要件に優先順位を付けます。 | C. 地域からのリクエストに基づいて要件に優先順位を付けます。,A,Service Cloud実装の準備段階では、要件収集・現状プロセスの文書化・データマッピング・成功指標の定義を行い、実装計画を策定します。,https://www.freecram.com/Salesforce-certification/Service-Cloud-Consultant-JPN-exam-questions.html?p=26
,130,Cloud Kicks の顧客は、独自の e コマース サイトを使用してカスタマイズされた靴を注文します。靴の製造中、顧客は注文状況を頻繁に確認したいと考えています。e コマース サイトで自動化されたセルフサービスを提供するには、コンサルタントはどの方法を推奨する必要がありますか?,A. ビジュアル リモート アシスタントを構成します。 | B. Einstein ボットを作成します。 | C. 画面フローを構築します。,B,eコマースサイトからの注文情報をSalesforceと連携するには、外部eコマースシステムとのAPI統合（REST/SOAP API）を実装します。リアルタイムまたはバッチでデータを同期します。,https://www.freecram.com/Salesforce-certification/Service-Cloud-Consultant-JPN-exam-questions.html?p=26
,131,Cloud Kicks の顧客は、ログインせずにケースを作成する方法を必要としています。管理者は、公開オプションによって作成されるスパム ケースの数が増加することを懸念しています。スパムケースの作成を防ぐための推奨オプションは何ですか?,A. オンデマンドのメール-to-ケースのスレッド化 | B. Einstein ケース分類を使用した Web-to-ケース | C. reCAPTCHA が有効になっている Web-to-ケース,C,ログインせずにケースを作成でき、スパム防止機能を持つソリューションには、reCAPTCHAが有効になっているWeb-to-Caseが最適です。ボットによるスパムケースを防ぎながら顧客が匿名でケースを提出できます。,https://www.freecram.com/Salesforce-certification/Service-Cloud-Consultant-JPN-exam-questions.html?p=27
,132,Universal Containers（UC）は現在、Experience Cloudの導入を進めています。UCは、顧客が合意した応答時間をポータル経由で利用できるようにする必要があります。,A. メンテナンスプラン | B. マイルストーン | C. サービス契約,B,Experience Cloud導入時の既存顧客データ連携には、適切なアカウントモデルと既存データのマッピングを設計します。既存のeコマースや顧客データベースとの統合方法を検討します。,https://www.freecram.com/Salesforce-certification/Service-Cloud-Consultant-JPN-exam-questions.html?p=27
,133,クライアントの電話システムをサービス コンソールと統合するためにコンサルタントが雇われました。この統合中にコンサルタントは何をする必要がありますか?,A. Lightning コンソールを有効にします。 | B. CTI アダプタを設定します。 | C. ユーティリティ バーをアプリに追加します。,B,電話システムをサービスコンソールと統合するには、OpenCTIを使用してブラウザベースのソフトフォンをコンソールに埋め込みます。標準CTI統合APIで任意の電話システムと連携でき、デスクトップアダプターは不要です。,https://www.freecram.com/Salesforce-certification/Service-Cloud-Consultant-JPN-exam-questions.html?p=27
,134,ユニバーサルコンテナは、次のような大量の一般的な顧客からの問い合わせへの応答を自動化したいと考えています。「口座番号は何ですか？」や「パスワードをリセットしたいのですが」といった質問に対して、24時間365日対応し、自然で会話的な返答を提供し、会話全体の文脈を理解できるソリューションが求められています。Service Cloud コンサルタントは何を推奨すべきでしょうか?,A. 「アカウント管理」などの標準トピックと関連アクションを使用して Agentforce サービス エージェントを実装します。 | B. 顧客向けのナレッジ ベースに生成的な検索回答を実装します。 | C. Experience Cloud に公開ナレッジベースを実装し、顧客ごとにユーザーを作成します。,A,大量の一般的な問い合わせへの応答を自動化するには、Agentforce Service AgentまたはFlow Botを導入し、一般的なシナリオの自動回答を実装します。AIが対応できない場合は人間エージェントに引き継ぎます。,https://www.freecram.com/Salesforce-certification/Service-Cloud-Consultant-JPN-exam-questions.html?p=27
,135,Universal Containers (UC) は、オープン CTI を使用したコールセンターを導入しました。コールセンター エージェントは、UC の 4 つの異なる製品ラインを反映する 4 つのグループに編成されています。各グループのマネージャーは、関連するケースや連絡先情報を含む、エージェントの毎日の通話量に関するレポートを希望しています。コンサルタントはレポートの作成をどのように推奨すべきですか?,A. 所有者ごとにグループ化されたアクティビティを含む製品に関するレポートを作成します。 | B. アクティビティをプライマリ オブジェクトとして含むカスタム レポート タイプを作成します。 | C. 「チームの今週の通話」標準レポートをカスタマイズします。,B,OpenCTIを使用したコールセンターでエージェントが効果的にCTIを使用するには、スクリーンポップ（Screen Pop）設定でコール着信時に顧客情報を自動表示し、通話記録を自動的にケースに紐付けます。,https://www.freecram.com/Salesforce-certification/Service-Cloud-Consultant-JPN-exam-questions.html?p=27
,136,コンサルタントは、品質と実用的な指標の組み合わせに基づいてサービス担当者の生産性を測定するためのコールセンター指標の開発について Cloud Kicks にアドバイスしています。通常、高い顧客満足度を示す主要業績評価指標 (KPI) はどれですか?,A. ナレッジ記事作成率 | B. 初回接触解決 | C. 自助ケースの回避,B,品質と実用的指標に基づくエージェント生産性の測定には、ケース解決数・平均処理時間・CSAT評価・初回解決率を組み合わせたKPIレポートを作成・分析します。,https://www.freecram.com/Salesforce-certification/Service-Cloud-Consultant-JPN-exam-questions.html?p=28
,137,Universal Containers のサポート マネージャーは、チャネル、エージェント、暦月ごとに初回通話の解決状況を測定したいと考えています。コンサルタントはどのレポート ソリューションを推奨すべきですか?,A. グループ化を使用してレポートを作成します。 | B. レポート スナップショットを作成します。 | C. 結合レポートを作成します。,C,チャネル・エージェント・暦月ごとの複合分析には、結合レポート（Joined Report）が最適です。複数のレポートブロックを一つのレポートにまとめ、異なる次元での比較分析が可能です。,https://www.freecram.com/Salesforce-certification/Service-Cloud-Consultant-JPN-exam-questions.html?p=28
,138,コンサルタントがスクリーンフローを使用する必要があるのは次のどのシナリオですか?,A. サポート担当者に意思決定に基づいたトラブルシューティング手順を提供します。 | B. サービス コンソール内で別のサポート担当者に通話を転送します。 | C. ケース作成中にサポート担当者をナレッジ記事にリダイレクトします。,A,スクリーンフロー（Screen Flow）を使用するのは、エージェントが意思決定に基づいたトラブルシューティング手順をインタラクティブなUIで実行する必要があるシナリオです。通話転送やナレッジリダイレクトには不適切です。,https://www.freecram.com/Salesforce-certification/Service-Cloud-Consultant-JPN-exam-questions.html?p=28
,139,ある企業は、既存の外部ナレッジベースを Salesforce ナレッジに移行することを計画しています。移行する記事を選択する際に考慮すべき要素はどれですか?,A. 元の作成日と昨年の記事の総閲覧数 | B. 最終更新日と過去 1 年間に頻繁に検索された用語 | C. 最終更新日と昨年の記事閲覧総数,C,外部ナレッジベースをSalesforceナレッジに移行するには、記事のエクスポート・データ変換・データローダーまたはAPI経由でのインポートを行います。記事タイプのマッピング・カテゴリ設定・可視性設定も必要です。,https://www.freecram.com/Salesforce-certification/Service-Cloud-Consultant-JPN-exam-questions.html?p=28
,140,Cloud Kicks (CK) は最近、エージェントの専門知識を向上させるために Knowledge-Centered Support (KCS) を導入しました。パイロットでは、最も一般的なサポート トピックに関する記事の作成に焦点を当てました。パイロット導入後、顧客満足度は向上し、平均通話時間は短縮されました。サポートの主要業績評価指標 (KPI) を継続的に改善するために、CK は次にどこに注力すべきかを知りたいと考えています。コンサルタントは CK に次に何をするよう勧めるべきでしょうか?,A. エージェントが個別に記事を作成して公開できるようにします。 | B. 検索アクティビティ ギャップ ダッシュボード コンポーネントを使用します。 | C. 統計をリセットするには、ケースから記事を切り離します。,B,エージェントの専門知識向上のためにKnowledgeを導入後、定着化には、KCSプロセス（記事検索→更新→作成）をエージェントの日常業務に組み込み、記事の貢献を評価・報酬します。,https://www.freecram.com/Salesforce-certification/Service-Cloud-Consultant-JPN-exam-questions.html?p=28
,141,Universal Containers は、Knowledge-Centered Support (KCS) の実装を検討しています。KCS の導入によりどのようなメリットが期待できますか?,A. 管理オーバーヘッドの削減 | B. セルフサービスの必要性の軽減 | C. 問題解決時間の短縮,C,Knowledge-Centered Supportの文化醸成には、KCSのロール（Candidate/Contributor/Publisher）とワークフローを定義し、記事作成・更新を業務プロセスとして標準化します。,https://www.freecram.com/Salesforce-certification/Service-Cloud-Consultant-JPN-exam-questions.html?p=29
,142,Universal Containers は最近、顧客と対話するために新しい CTI システム、ナレッジベース、および Einstein チャットボットを実装しました。サポートおよびサービス担当副社長は、顧客のセルフサービスを容易にするための追加のシステム改善を要求しました。コンサルタントは何を勧めるべきですか?,A. 顧客にナレッジ ベースで解決策を検索してもらいます。 | B. フリーダイヤルのカスタマー サポートの電話番号を入力します。 | C. 顧客向けに Experience Cloud サイトを作成します。,C,新しいCTIシステム・ナレッジ・その他の機能を同時に展開する場合、段階的なロールアウト（フェーズドアプローチ）で機能を順次展開し、各段階での問題を特定・解決しながら進めます。,https://www.freecram.com/Salesforce-certification/Service-Cloud-Consultant-JPN-exam-questions.html?p=29
,143,Ursa Major Solar は、優先度の高いケースに対してサービス レベル アグリーメント (SLA) によるサポートを提供します。優先度が低いケースでは、応答時間が異なります。サービスセンターオムニチャネルを使用して作業項目を管理します。ただし、最近作成された優先度の高いケースの多くはサービス期限を超えています。要件を満たすためにコンサルタントはどの設定を構成する必要がありますか?,A. スキルベースのルーティング | B. 容量モデル | C. 二次ルーティング優先度,C,優先度の高いケースのSLAを遵守するには、エンタイトルメントとマイルストーンを設定し、期限前のエージェント通知と期限超過時の自動エスカレーションを設定します。,https://www.freecram.com/Salesforce-certification/Service-Cloud-Consultant-JPN-exam-questions.html?p=29
,144,Universal Containers は、Messaging for In-App and Web (MIAW) に適用するのと同じ基準に基づいてケースを指示したいと考えています。コンサルタントはどの機能を推奨する必要がありますか?,A. オムニチャネル ルーティング | B. マイルストーンと資格のプロセス | C. ケース割り当てルール,A,Messaging for In-App and Webを実装するには、まずDigital Engagementライセンスを取得し、Messagingを有効化してメッセージングチャネルを作成し、オムニチャネルに統合します。,https://www.freecram.com/Salesforce-certification/Service-Cloud-Consultant-JPN-exam-questions.html?p=29
,145,Universal Containers には、Salesforce ナレッジを使用する 3 つの社内部門があります。コンプライアンス要件により、各部門は検索を実行するときに自分の記事にのみアクセスできるようにすることが義務付けられています。この要件を満たすためにコンサルタントはどのソリューションを推奨する必要がありますか?,A. 役割階層を使用してアクセスを提供するための共有ルールを部門ごとに作成します。 | B. 記事カテゴリに基づいてアクセスを提供するための共有ルールを部門ごとに作成します。 | C. 部門ごとに単一のデータ カテゴリ グループを作成し、ロール階層を使用してアクセスを提供します。,C,3つの部門でSalesforceナレッジを使用する場合、データカテゴリグループを部門ごとに設定し、プロファイルや権限セットでデータカテゴリの可視性を制御して各部門の記事の閲覧範囲を管理します。,https://www.freecram.com/Salesforce-certification/Service-Cloud-Consultant-JPN-exam-questions.html?p=29
,146,Cloud Kicks (CK) のサービス担当 VP は、Service Cloud ユーザーがエンタープライズ データ ウェアハウス (EDW) に保存されている作業指示データにアクセスし、レポートを生成できるようにしたいと考えています。最小限の労力でこのプロセスを効率化するために、コンサルタントはどのようなアプローチを推奨すべきでしょうか?,A. カスタム オブジェクトを作成し、データ ローダーを使用して作業指示データを Salesforce にインポートします。 | B. Salesforce Connect と外部オブジェクトを使用して、Salesforce で作業指示データを表します。 | C. 15 分ごとに実行され、作業指示データを Salesforce に同期するバッチ統合プロセスを実装します。,B,Service CloudユーザーがExperience Cloud公開記事をケース内から確認できるようにするには、ケースページのナレッジコンポーネントとデータカテゴリの可視性を適切に設定します。,https://www.freecram.com/Salesforce-certification/Service-Cloud-Consultant-JPN-exam-questions.html?p=30
,147,新しい Service Cloud インスタンスに Salesforce メッセージング機能を実装する場合、コンサルタントはどのような点に留意すべきでしょうか?,A. オムニチャネル経由でルーティングする必要があります。 | B. Einstein Bots とは互換性がありません。 | C. Experience Builder を使用してデプロイする必要があります。,A,新しいService CloudにSalesforceメッセージング機能を実装するには、Digital Engagementライセンスを取得し、Messagingを有効化してチャネルを設定、オムニチャネルと統合します。,https://www.freecram.com/Salesforce-certification/Service-Cloud-Consultant-JPN-exam-questions.html?p=30
,148,Universal Containers (UC) は、構造化フィールドと非構造化テキストの両方を含む社内ナレッジ記事の膨大なリポジトリを活用して、Agentforce サービス エージェントが顧客の問い合わせに対して正確で信頼できる回答を提供することを望んでいます。Service Cloud コンサルタントは、この会社のデータを使用して、AI エージェントの応答の正確性と信頼性をどのように設計できるでしょうか?,A. ナレッジ記事の特定のフィールドを定義済みの質問にマップします。 | B. Agentforce データ ライブラリと Knowledge を使用して AI エージェントを基盤化します。 | C. LLM のグローバル ナレッジ データ セットを使用して、UC のデータを再構築します。,B,構造化フィールドと非構造化テキストの両方を含む社内ナレッジ記事をAgentforceで活用するには、AgentforceデータライブラリとKnowledgeを使用してAIエージェントをグラウンディングします。AIが非構造化ナレッジを含む記事から適切な回答を生成できます。,https://www.freecram.com/Salesforce-certification/Service-Cloud-Consultant-JPN-exam-questions.html?p=30
,149,Cloud Kicks は最近、サポート プロセス内でエンタイトルメントの使用を開始しました。サービス エージェントは、ケースに割り当てられたアカウントに誤って関連付けられている、類似した名前の資格を選択しています。要件を満たし、サービス エージェントをサポートするには、コンサルタントは何を推奨する必要がありますか?,A. ルックアップ フィルターを有効にします。 | B. クイック アクションを設定します。 | C. OWD 共有をプライベートに設定します。,A,エンタイトルメントを使い始めたサービスエージェントが顧客のエンタイトルメント情報をケース内で確認するには、ケースページにエンタイトルメントコンポーネントを追加して、顧客の支援資格をリアルタイムで確認できるようにします。,https://www.freecram.com/Salesforce-certification/Service-Cloud-Consultant-JPN-exam-questions.html?p=30
,150,Service Cloud コンサルタントが最近、パブリック ナレッジ ベースを実装しました。,A. 月間症例数 | B. 初回通話解決 | C. 平均ケース解決時間,A,パブリックナレッジベース実装後は、SEO最適化（メタデータ・URL設定）と定期的な記事更新・品質管理プロセスを確立して、顧客が正確かつ最新の情報を検索・参照できる環境を維持します。,https://www.freecram.com/Salesforce-certification/Service-Cloud-Consultant-JPN-exam-questions.html?p=30
,151,Cloud Kicks は、さまざまなレベルのサポートを受ける顧客に Service Cloud を展開する予定です。コンサルタントは、エンタイトルメントのみが正しいソリューションなのか、それともエンタイトルメントとサービス契約が正しいのかわかりません。コンサルタントは、望ましいソリューションを決定するためにどのような質問をする必要がありますか?,A. 顧客は Experience Cloud を通じてナレッジ記事にアクセスしますか? | B. サポートは定期的に提供され、毎年更新されますか? | C. 複数のバージョンの権利を作成して維持する必要がありますか?,B,さまざまなサポートレベルを受ける顧客へのService Cloud提供には、エンタイトルメント（Entitlements）を使用して各顧客のサポートレベル（Basic/Premium等）を定義し、それぞれのSLA要件を管理します。,https://www.freecram.com/Salesforce-certification/Service-Cloud-Consultant-JPN-exam-questions.html?p=31
,152,ユニバーサル・コンテナーズ（UC）はService Cloudの導入を開始します。このプロジェクトでは、経営幹部やサービスマネージャーが主要業績評価指標（KPI）の現状と傾向を把握できる適切な分析ソリューションが求められています。この要件を満たすために、Service Cloud コンサルタントはどのような推奨事項を行う必要がありますか?,A. 新しいカスタム レポート タイプのセットを構築して、UC の従来のサービス分析を移行します。 | B. サービス関連のインテリジェント アプリまたはアクセラレータを使用するために、UC に Tableau Next への投資を推奨します。 | C. AppExchange から事前設定された Service Cloud ダッシュボードを使用します。,C,Service Cloud導入開始時に最初に行うべきは、プロジェクトのガバナンス設定（ステアリングコミッティの設立・プロジェクト憲章の定義・スコープと成功指標の合意）です。ガバナンスが確立された上で実装を進めます。,https://www.freecram.com/Salesforce-certification/Service-Cloud-Consultant-JPN-exam-questions.html?p=31
,153,Cloud Kicks は顧客に電話サポートを提供しています。ケースを作成する際、サービスエージェントは世界中の様々な国の配送先郵便番号を入力することがよくあります。正確なデータを確実に入力するための推奨方法は何ですか?,A. 一致するルールを持つ重複ルールを設定します。 | B. VLOOKUP を使用して検証ルールを構成します。 | C. クロスオブジェクト式を作成します。,B,電話サポートでケース作成時にエージェントが顧客情報を素早く確認するには、CTIのスクリーンポップ機能で電話番号から顧客情報を自動取得してコンソールに表示します。,https://www.freecram.com/Salesforce-certification/Service-Cloud-Consultant-JPN-exam-questions.html?p=31
,154,Cloud Kicks（CK）はService Cloudを使用してカスタマーサポートを管理しており、在庫と注文データはSnowflakeに保存されています。CKの顧客はサポートを利用して注文に関する問い合わせや交換品の依頼を行っています。CKはSalesforce内でのデータの重複を避けつつ、サポート担当者にリアルタイムで実用的なインサイトを提供したいと考えています。サポート担当者が顧客の注文履歴を包括的に把握できるようにするために、Service Cloud コンサルタントは何を推奨すべきでしょうか?,A. Apex 統合を使用して、ケースが開かれるたびに API 経由で Snowflake から注文データを取得します。 | B. MuleSoft を使用して、Snowflake から注文データを抽出し、サポート担当者が参照できるように Salesforce のカスタム オブジェクトに保存します。 | C. Data Cloud を使用して Snowflake に接続し、注文データと CRM データを統合します。,C,Service Cloudでのデータ保護要件対応には、個人情報の取り扱いポリシー実装と、Salesforce Privacy Center等を使ったデータ削除・匿名化機能の整備が必要です。,https://www.freecram.com/Salesforce-certification/Service-Cloud-Consultant-JPN-exam-questions.html?p=31
,155,Cloud Tech Supportは、ケースエスカレーションルールやナレッジベースなどの新機能を備えたService Cloudの導入準備を進めています。現在のサポートスタッフは、メールのみでのケース管理に慣れています。同社は、ダウンタイムを最小限に抑え、新しいソリューションの導入率を高めたいと考えています。Service Cloud コンサルタントは、サポート担当者に移行の準備として何を推奨すべきでしょうか?,A. ジャストインタイムのビデオチュートリアルを開発し、稼働開始後にアクセスを提供して、担当者がシステムを使用しながら学習できるようにします。 | B. 展開前に、ビジネス プロセスに合わせた実践的なトレーニングと Trailhead ベースの学習を組み合わせて提供します。 | C. 正式な有効化計画なしで、システムを構成し、起動後の質問に対応するパワー ユーザーを割り当てます。,B,新機能導入時の変更管理には、ステークホルダーへの事前コミュニケーション・エンドユーザーへのトレーニング・段階的なロールアウト・フィードバック収集と改善のサイクルを実施します。,https://www.freecram.com/Salesforce-certification/Service-Cloud-Consultant-JPN-exam-questions.html?p=31
,156,Cloud Kicks は、サービス エージェントに顧客のサービス レベル アグリーメント (SLA) を維持する責任を負わせるソリューションを実装したいと考えています。この要求を満たすためにコンサルタントはどの機能を使用する必要がありますか?,A. サービス契約 | B. Salesforce アンケート | C. 資格付与プロセス,C,サービスエージェントに顧客のSLAを可視化するには、ケースページにエンタイトルメントとマイルストーンの残り時間を表示するコンポーネントを追加します。エージェントが期限を常に把握して優先対応できます。,https://www.freecram.com/Salesforce-certification/Service-Cloud-Consultant-JPN-exam-questions.html?p=32
,157,Tier 2 のサービス担当者に Tier 1 からケースの処理を引き継ぎ、Tier 1 がトラブルシューティングでどこまで進んだかを知るためにコンサルタントが推奨する機能はどれですか?,A. ケースのパス | B. エスカレーション ルール | C. Einstein の次善のアクション,A,Tier 1からTier 2へのケース引き継ぎでトラブルシューティング情報を引き継ぐには、ケースのChatter投稿・内部メモ・ケースコメントを活用して会話履歴と調査内容を記録・引き継ぎます。,https://www.freecram.com/Salesforce-certification/Service-Cloud-Consultant-JPN-exam-questions.html?p=32
,158,Universal Containers は、Salesforce がケースに関する情報に基づいてエージェントにナレッジ記事を提案することを望んでいます。コンサルタントはどのソリューションを推奨すべきでしょうか?,A. ナレッジ オブジェクトをグローバル検索オブジェクトに追加します。 | B. ケース Lightning レコードページにナレッジコンポーネントを追加します。 | C. ナレッジ関連リストをケースページレイアウトに追加します。,B,Salesforceがケース情報に基づいてエージェントを支援するには、Einstein Reply Recommendations（返信推薦）またはEinstein Article Recommendations（記事推薦）を使用します。ケースのコンテキストから適切な返信や記事を自動提案します。,https://www.freecram.com/Salesforce-certification/Service-Cloud-Consultant-JPN-exam-questions.html?p=32
,159,Cloud Kicks では、すべての新しいナレッジ記事に対してレビュー プロセスを実装しています。各記事は、ユーザーが利用できるようになる前に、対象分野の専門家によってレビューおよび承認される必要があります。選択したすべてのチャネルで記事を表示するにはどの手順が必要ですか?,A. 承認プロセスの後に「公開」をクリックします。 | B. ナレッジ承認ページでステータスを公開済みに設定します。 | C. 最終承認アクションを「編集のためにレコードをロック」に設定します。,A,新しいナレッジ記事のレビュープロセスには、承認プロセス（Approval Process）を設定します。記事が公開される前に適切なレビュー担当者が承認するワークフローを確立し、品質を担保します。,https://www.freecram.com/Salesforce-certification/Service-Cloud-Consultant-JPN-exam-questions.html?p=32
,160,Universal Containers は、顧客向けの契約サービス レベル要件が確実に満たされるようにしたいと考えています。この要件を満たすためにコンサルタントは何を構成する必要がありますか?,A. 資格付与プロセス、契約品目、マイルストーン、および資格 | B. 資格付与プロセス、マイルストーン、マイルストーン アクション、および資格 | C. 権利付与プロセス、契約、契約品目、および権利,B,顧客向けの契約サービスレベル要件を確実に満たすには、エンタイトルメント（Entitlements）とマイルストーン（Milestones）を使用し、SLA期限前の自動通知と期限超過時のエスカレーションを設定します。,https://www.freecram.com/Salesforce-certification/Service-Cloud-Consultant-JPN-exam-questions.html?p=32
,161,Universal Containers (UC) は、外部システムとの複雑な統合を伴う Service Cloud の実装を計画しています。コンサルタントはどのプロジェクト管理方法を推奨すべきでしょうか?,A. シックスシグマ | B. Waterfall | C. アジャイル,C,外部システムとの複雑な統合を伴うService Cloud実装では、統合アーキテクチャの詳細設計とAPIテストを重点的に行い、段階的な展開でリスクを軽減します。,https://www.freecram.com/Salesforce-certification/Service-Cloud-Consultant-JPN-exam-questions.html?p=33
,162,ある組織は、世界的なデータ保護とプライバシーの規制を遵守するために、顧客が会社との関係を失った場合にその個人データを削除する方法に関するガイダンスを要求しました。要件を満たすためにコンサルタントはどのソリューションを推奨する必要がありますか?,A. 運用環境ですべての顧客情報を検索し、各レコードのフィールドを手動で編集してデータをスクランブルし、検索できなくなるようにします。 | B. レコードやインデックスのないフリーテキスト フィールドを含むすべての顧客情報を検索して削除し、データが保持されないようにサンドボックスを更新します。 | C. 環境全体ですべての顧客情報を検索し、連絡先に関連付けられたアカウントまたは Experience Cloud ユーザーを非アクティブ化します。,B,GDPR等のデータ保護規制に基づく顧客データ削除要件には、Salesforce Privacy Center（プライバシーセンター）を使用して個人データの検索・削除・匿名化を実施します。手動編集やアカウント非アクティブ化では不十分です。,https://www.freecram.com/Salesforce-certification/Service-Cloud-Consultant-JPN-exam-questions.html?p=33
,163,Cloud Kicks は、Einstein Next Best Action を使用して、顧客ケースに取り組む際のサービスエージェントを支援します。複数のサービスエージェントが同じケースに対応します。コンサルタントは、項目の開始、一時停止、再開、完了をサービス エージェントに表示するには何を設定する必要がありますか?,A. 症例履歴関連リスト | B. アクションと推奨事項コンポーネント | C. アクティビティ分析タブ,B,Einstein Next Best Actionを使用して顧客ケースへの推薦アクションを提示するには、推薦戦略（Recommendation Strategy）を作成し、ケースのコンテキストに基づく推薦を設定して、エージェントのコンソールに表示します。,https://www.freecram.com/Salesforce-certification/Service-Cloud-Consultant-JPN-exam-questions.html?p=33
,164,Universal Containers (UC) は、対話チャネルを多様化することで顧客満足度を向上させたいと考えています。UC の目標は、リアルタイムのコミュニケーションとサポートを強化することです。コンサルタントは UC にどの対話チャネルを提案すべきですか?,A. Einstein ボット | B. アプリ内および Web メッセージング (MIAW) | C. Experience Cloud サイト,B,対話チャネルの多様化で顧客満足度を向上させるには、メール・電話・チャット・ソーシャルメッセージング・セルフサービスポータルを統合したオムニチャネル戦略を採用します。,https://www.freecram.com/Salesforce-certification/Service-Cloud-Consultant-JPN-exam-questions.html?p=33
,165,企業対消費者 (B2C) 企業は、サービス コストを削減したいと考えています。現在、顧客は紙の給与明細を会社に郵送することで請求書を支払い、連絡先情報を更新しています。要件を満たすために推奨されるソリューションは何ですか?,A. 支払い処理を備えた Experience Cloud | B. チェック処理を行う Einstein ボット | C. Service Cloud Voice with Tele-pay,A,紙の給与明細から電子明細への移行のような顧客セルフサービス強化によりサービスコストを削減するには、Experience Cloud（コミュニティ）でのセルフサービスポータルを構築し、顧客が自己完結できる環境を提供します。,https://www.freecram.com/Salesforce-certification/Service-Cloud-Consultant-JPN-exam-questions.html?p=33
,166,大手小売企業は、AIを活用してあらゆるサービスチャネルの会話記録を分析し、カスタマーサービス業務を最適化したいと考えています。目標は、一般的な問い合わせ理由を抽出し、顧客の感情を予測し、リアルタイムのやり取りの中でサービス担当者にパーソナライズされた推奨事項を提供することです。これらの要件を満たすために、Service Cloud コンサルタントはどのソリューションを使用する必要がありますか?,A. Einstein 記事の推奨を使用して、過去のケーストピックに基づいてナレッジ記事を提案し、サービス担当者のレビュー用にチャットのトランスクリプトを有効にします。 | B. Data Cloud を使用して、トランスクリプトのメタデータ、ロイヤルティ、サービス データを統合し、サービス担当者とスーパーバイザー向けに計算された洞察と感情に基づく推奨事項を生成します。 | C. オムニチャネルを有効にし、サービス分析ダッシュボードを使用して、チャネル全体のボリュームとサービス担当者のアクティビティをリアルタイムで監視します。,B,AIを活用してすべてのサービスチャネルの会話記録を分析しカスタマーサービス業務を最適化するには、Einstein Conversation Intelligence（会話インテリジェンス）またはEinstein Analytics for Serviceを使用します。,https://www.freecram.com/Salesforce-certification/Service-Cloud-Consultant-JPN-exam-questions.html?p=34
,167,コンタクトセンター管理者は、Lightning サービスコンソールを使用して、現在どのサービスエージェントが新しいケースを受け入れられるかを確認するにはどうすればよいですか?,A. オムニチャネル分析 | B. オムニチャネル ユーティリティ コンポーネント | C. オムニチャネル スーパーバイザー タブ,C,Lightning サービスコンソールで現在どのサービスエージェントが作業中かリアルタイム確認するには、Omni Supervisor（オムニスーパーバイザー）を使用します。エージェントのステータス・担当作業・キャパシティをリアルタイムに監視できます。,https://www.freecram.com/Salesforce-certification/Service-Cloud-Consultant-JPN-exam-questions.html?p=34
,168,Cloud Kicks は、Service Cloud Voice Dialer を使用する顧客に電話サポートを提供します。通話が完了すると、サポート エージェントは多くの場合、フォローアップ メールを送信したり、ケースのメモを完成させたりする必要があります。CK は、エージェントの効率についての洞察を得たいと考えています。コンサルタントは、個々のエージェントの効率を追跡するためにどの指標を推奨する必要がありますか?,A. 送信されたメールの総数 | B. 通話放棄 | C. 会話後の作業時間,C,Service Cloud Voice Dialerを使用する顧客への電話サポートでは、通話録音・文字起こし・リアルタイムコーチング機能を活用し、エージェントのサービス品質と効率を向上させます。,https://www.freecram.com/Salesforce-certification/Service-Cloud-Consultant-JPN-exam-questions.html?p=34
,169,Universal Containers は、新製品と既存製品の定期メンテナンスの両方に対する顧客サポートを提供します。両方のタイプのケースには多くの共通のステージとフィールドがあります。ただし、メンテナンス ケースには、キャプチャする必要がある追加のステージとフィールドがあります。この目的を達成するためにコンサルタントはどの機能を推奨する必要がありますか?,A. 承認プロセス | B. サポート タイプ | C. サポート プロセス,C,新製品と既存製品の定期メンテナンスの両方に対する顧客サポートには、製品ライン別のエンタイトルメントとサービス契約を設定し、新製品用と保守用の異なるSLAを管理します。,https://www.freecram.com/Salesforce-certification/Service-Cloud-Consultant-JPN-exam-questions.html?p=34
,170,ユニバーサルコンテナーズは、顧客サービス変革プロジェクトの一環として、ユーザー受け入れテスト（UAT）を開始する準備を進めています。コンサルタントは、テストをどこで実施すべきかという質問を受けました。ビジネスユーザーと関係者は、60日間のUATをサポートし、本番環境の代表的なデータを含む環境を必要としています。コンサルタントはどの環境タイプを推奨すべきでしょうか?,A. 部分コピーサンドボックス | B. フルコピーサンドボックス | C. 開発者向けプロサンドボックス,B,UAT（ユーザー受け入れテスト）を成功させるには、実際のエンドユーザー（スーパーバイザー・エージェント等）を参加させ、実際の業務シナリオに基づいてテストを実施し、フィードバックを収集して本番展開前に改善します。,https://www.freecram.com/Salesforce-certification/Service-Cloud-Consultant-JPN-exam-questions.html?p=34
